84,2309.45,2,200,"[404.614, 298.491, 2194.54]","[450.603, 102.625, 2169.87]","[393.781, 97.7295, 2318.76]","[405.348, -163.038, 2374.16]","[295.024, -426.851, 2365.41]","[536.642, 98.0673, 2041.45]","[588.688, -158.7, 1990.82]","[536.503, -414.026, 1872.79]","[473.502, -143.796, 2173.01]","[475.608, -336.531, 2139.34]","[394.795, -402.294, 2178.26]","[394.795, -801.035, 2178.26]","[394.795, -1176.11, 2178.26]","[554.164, -389.292, 2079.25]","[469.352, -678.392, 1818.06]","[471.518, -902.736, 2118.64]","[313.411, -382.882, 2366.87]","[545.2, -371.472, 1892.46]","[443.167, 182.648, 2168.85]","[0, 0, 0]"
85,1854.16,2,200,"[404.449, 300.663, 2191.19]","[450.261, 104.559, 2168.06]","[391.504, 98.8326, 2315.47]","[405.266, -161.596, 2371.71]","[295.907, -425.96, 2361.61]","[534.225, 99.6616, 2038.13]","[587.153, -156.966, 1987.73]","[536.357, -413.376, 1871.03]","[472.955, -141.659, 2172.03]","[474.575, -334.707, 2138.14]","[393.344, -399.709, 2176.31]","[386.118, -785.582, 2166.59]","[386.118, -1162.37, 2166.59]","[552.678, -386.832, 2077.75]","[465.336, -674.236, 1815.63]","[466.51, -898.828, 2116.38]","[314.133, -381.899, 2363.29]","[544.824, -370.641, 1890.48]","[442.885, 184.583, 2166.77]","[0, 0, 0]"
86,1489.93,2,200,"[403.864, 307.38, 2180.21]","[449.308, 111.007, 2161.34]","[389.843, 103.905, 2306.92]","[404.838, -156.981, 2360.62]","[297.356, -422.747, 2348.15]","[529.869, 102.73, 2029.87]","[583.988, -152.774, 1975.55]","[534.299, -411.771, 1862.5]","[471.317, -134.299, 2168.56]","[471.686, -328.75, 2133.89]","[390.447, -395.68, 2167.94]","[384.832, -786.623, 2151.61]","[384.832, -1163.06, 2151.61]","[548.063, -381.869, 2072.85]","[457.901, -662.291, 1804.57]","[443.569, -1015.73, 1783.0]","[315.269, -378.451, 2350.23]","[542.581, -368.607, 1881.34]","[442.133, 191.019, 2158.98]","[0, 0, 0]"
87,1198.54,2,200,"[403.117, 315.24, 2163.06]","[447.907, 118.862, 2149.44]","[387.017, 107.48, 2290.58]","[402.829, -154.739, 2336.75]","[299.512, -423.356, 2325.36]","[522.213, 107.632, 2013.72]","[579.048, -146.602, 1956.25]","[530.765, -408.726, 1847.07]","[469.178, -124.794, 2161.66]","[467.993, -321.872, 2125.8]","[387.981, -391.798, 2157.87]","[385.78, -786.975, 2148.17]","[385.78, -1163.14, 2148.17]","[541.825, -377.354, 2063.63]","[448.362, -650.251, 1788.78]","[439.144, -1015.29, 1773.13]","[316.731, -378.586, 2327.26]","[538.812, -365.042, 1865.27]","[440.931, 198.821, 2145.41]","[0, 0, 0]"
88,965.235,2,200,"[402.512, 319.595, 2147.24]","[446.566, 123.484, 2135.71]","[385.972, 111.886, 2276.48]","[400.367, -152.134, 2310.61]","[300.074, -423.939, 2301.23]","[516.887, 109.082, 1997.65]","[574.682, -144.148, 1936.66]","[524.739, -410.21, 1833.11]","[467.518, -118.568, 2151.33]","[465.176, -318.458, 2115.64]","[385.24, -386.955, 2148.99]","[383.379, -782.244, 2143.24]","[383.379, -1158.19, 2143.24]","[537.169, -374.727, 2052.97]","[437.332, -649.917, 1782.54]","[429.441, -1028.56, 1780.44]","[316.789, -378.639, 2302.79]","[533.062, -365.869, 1850.37]","[439.651, 203.39, 2130.55]","[0, 0, 0]"
89,778.788,2,200,"[401.831, 320.692, 2135.67]","[445.357, 125.08, 2122.48]","[387.405, 116.785, 2266.21]","[397.396, -148.618, 2289.88]","[299.747, -424.652, 2279.9]","[511.826, 109.444, 1981.59]","[569.901, -143.613, 1920.01]","[516.084, -413.745, 1820.3]","[466.18, -115.75, 2139.91]","[463.002, -317.764, 2105.0]","[381.241, -380.406, 2140.83]","[378.516, -774.7, 2136.26]","[378.516, -1150.47, 2136.26]","[533.262, -373.428, 2041.48]","[425.864, -654.722, 1780.49]","[418.662, -1036.08, 1781.35]","[316.022, -378.646, 2281.57]","[525.053, -368.724, 1836.92]","[438.452, 204.949, 2116.69]","[0, 0, 0]"
90,629.631,2,200,"[400.814, 320.151, 2127.57]","[443.919, 124.982, 2111.14]","[388.989, 120.786, 2258.19]","[391.487, -145.419, 2274.59]","[298.05, -425.541, 2262.88]","[505.259, 108.536, 1967.56]","[563.325, -145.198, 1908.9]","[505.391, -418.119, 1811.46]","[464.277, -115.007, 2129.18]","[460.053, -318.08, 2094.55]","[375.084, -372.706, 2130.62]","[370.796, -766.453, 2124.33]","[370.796, -1142.08, 2124.33]","[528.698, -372.026, 2030.48]","[416.371, -664.167, 1784.12]","[411.269, -1047.88, 1788.8]","[313.623, -378.853, 2264.83]","[515.047, -372.631, 1827.7]","[437.144, 204.847, 2105.14]","[0, 0, 0]"
91,510.105,2,200,"[398.949, 318.945, 2122.15]","[441.931, 124.14, 2102.07]","[389.811, 123.222, 2251.54]","[384.94, -143.306, 2262.79]","[296.113, -426.812, 2247.03]","[500.935, 107.981, 1956.97]","[557.955, -146.61, 1901.12]","[493.856, -420.242, 1803.45]","[461.149, -115.271, 2120.22]","[455.98, -318.54, 2085.4]","[369.846, -369.543, 2120.04]","[366.77, -767.479, 2113.75]","[366.77, -1142.99, 2113.75]","[524.179, -369.759, 2021.5]","[409.567, -668.927, 1784.42]","[406.681, -1047.09, 1784.94]","[310.917, -379.56, 2249.66]","[504.54, -374.635, 1819.73]","[435.517, 204.029, 2096.02]","[0, 0, 0]"
92,414.684,2,200,"[396.619, 317.899, 2118.51]","[438.88, 123.016, 2095.16]","[389.956, 124.681, 2246.5]","[379.469, -141.904, 2253.51]","[294.258, -428.01, 2233.9]","[496.987, 107.426, 1949.47]","[551.078, -148.034, 1894.72]","[484.808, -421.91, 1794.16]","[456.615, -115.983, 2113.05]","[450.421, -318.863, 2077.65]","[363.222, -366.883, 2110.01]","[359.045, -764.747, 2104.38]","[359.045, -1140.17, 2104.38]","[518.893, -367.147, 2014.31]","[404.251, -669.735, 1781.3]","[402.177, -1044.44, 1778.71]","[308.459, -380.325, 2237.17]","[495.854, -376.263, 1810.92]","[432.949, 202.945, 2089.19]","[0, 0, 0]"
93,338.347,2,200,"[393.518, 317.363, 2115.87]","[434.432, 121.83, 2090.28]","[389.3, 125.112, 2243.41]","[374.377, -141.363, 2244.89]","[287.508, -427.946, 2221.78]","[491.072, 107.62, 1943.66]","[543.363, -148.723, 1891.35]","[476.085, -422.052, 1786.59]","[450.247, -116.947, 2106.6]","[442.622, -319.077, 2070.31]","[354.659, -364.416, 2101.22]","[349.072, -762.117, 2096.66]","[349.072, -1137.46, 2096.66]","[511.61, -365.361, 2007.96]","[394.631, -662.832, 1769.68]","[388.48, -1031.51, 1760.28]","[301.986, -380.182, 2225.63]","[487.298, -376.497, 1804.05]","[429.132, 201.836, 2084.81]","[0, 0, 0]"
94,277.278,2,200,"[389.202, 316.926, 2114.44]","[428.557, 120.54, 2086.89]","[387.633, 124.83, 2241.81]","[369.508, -141.202, 2232.87]","[298.058, -430.676, 2195.14]","[484.664, 107.288, 1940.54]","[534.829, -149.633, 1888.97]","[465.913, -421.774, 1780.17]","[441.665, -118.233, 2100.31]","[432.967, -319.379, 2062.66]","[344.871, -364.69, 2091.6]","[338.651, -764.512, 2086.16]","[338.651, -1139.78, 2086.16]","[502.772, -366.745, 2002.96]","[383.545, -655.982, 1756.03]","[376.555, -1026.05, 1746.37]","[309.955, -382.424, 2201.43]","[477.399, -376.417, 1798.3]","[424.158, 200.653, 2082.4]","[0, 0, 0]"
95,228.422,2,200,"[385.015, 315.38, 2113.37]","[422.567, 119.316, 2084.8]","[385.534, 124.217, 2241.17]","[365.19, -140.967, 2220.76]","[301.92, -432.065, 2177.34]","[480.785, 107.339, 1939.58]","[527.687, -150.189, 1888.02]","[460.563, -422.039, 1776.82]","[432.834, -119.727, 2095.41]","[424.009, -319.539, 2055.59]","[336.599, -367.037, 2084.04]","[332.031, -768.114, 2080.39]","[332.031, -1143.32, 2080.39]","[495.408, -370.659, 2000.61]","[382.32, -665.57, 1757.64]","[384.08, -1050.29, 1761.99]","[312.46, -383.547, 2184.58]","[471.75, -376.731, 1795.35]","[419.12, 199.521, 2081.25]","[0, 0, 0]"
96,189.538,2,200,"[381.899, 313.74, 2112.88]","[417.537, 118.49, 2083.64]","[383.345, 123.736, 2240.95]","[361.048, -140.471, 2211.33]","[299.538, -431.648, 2168.48]","[477.985, 107.411, 1939.69]","[522.016, -150.548, 1887.8]","[455.825, -421.173, 1774.61]","[425.584, -121.186, 2092.06]","[417.269, -319.424, 2050.59]","[330.878, -369.747, 2080.39]","[271.219, -766.089, 2062.93]","[271.219, -1141.23, 2062.93]","[489.438, -375.231, 1999.15]","[381.418, -668.196, 1751.48]","[481.738, -897.573, 2083.69]","[309.789, -383.12, 2175.62]","[466.856, -376.069, 1793.48]","[414.84, 198.753, 2080.82]","[0, 0, 0]"
97,158.03,2,200,"[379.848, 312.31, 2112.78]","[413.689, 118.032, 2083.1]","[380.561, 123.702, 2240.73]","[341.979, -128.666, 2172.71]","[289.013, -421.976, 2151.86]","[474.877, 107.264, 1939.91]","[515.674, -151.179, 1887.86]","[449.404, -418.699, 1770.68]","[419.716, -122.573, 2090.15]","[412.284, -319.422, 2047.98]","[325.871, -372.774, 2078.56]","[272.169, -766.832, 2063.38]","[276.926, -1145.64, 2065.65]","[483.849, -381.713, 1998.29]","[383.209, -675.713, 1748.72]","[499.026, -899.804, 2051.68]","[297.845, -373.098, 2155.33]","[460.448, -374.114, 1790.21]","[411.676, 198.329, 2080.75]","[0, 0, 0]"
98,132.824,2,200,"[377.949, 311.199, 2113.16]","[410.024, 117.81, 2083.02]","[375.619, 124.081, 2240.41]","[322.444, -108.05, 2125.38]","[280.609, -402.528, 2125.42]","[469.357, 106.858, 1939.84]","[506.97, -153.855, 1887.24]","[438.299, -416.032, 1763.16]","[414.082, -123.769, 2088.91]","[407.621, -319.877, 2047.09]","[320.18, -375.738, 2077.54]","[273.348, -769.217, 2064.51]","[275.649, -1148.91, 2066.7]","[478.887, -386.6, 1996.02]","[385.141, -686.719, 1751.21]","[528.88, -900.063, 2031.65]","[287.589, -353.457, 2125.41]","[449.744, -372.337, 1783.84]","[408.674, 198.128, 2081.06]","[0, 0, 0]"
99,112.859,2,200,"[375.401, 311.559, 2114.56]","[406.756, 117.722, 2084.09]","[372.985, 123.997, 2241.69]","[305.543, -83.0147, 2088.33]","[233.387, -369.116, 2094.19]","[463.651, 107.054, 1940.65]","[496.895, -154.391, 1885.76]","[424.234, -414.678, 1762.84]","[408.948, -124.755, 2087.97]","[403.398, -321.07, 2047.38]","[314.673, -379.199, 2077.57]","[274.238, -773.593, 2065.53]","[275.005, -1153.06, 2066.46]","[476.023, -389.826, 1994.14]","[388.145, -703.7, 1765.67]","[390.507, -1090.9, 1778.19]","[245.413, -321.435, 2093.21]","[436.344, -371.297, 1783.33]","[406.029, 198.054, 2082.81]","[0, 0, 0]"
100,96.8874,2,200,"[372.31, 312.345, 2117.94]","[403.863, 117.706, 2086.49]","[371.173, 123.132, 2244.61]","[291.942, -62.3256, 2062.88]","[218.055, -349.047, 2069.55]","[458.174, 107.989, 1942.56]","[490.048, -155.449, 1882.86]","[399.209, -413.704, 1769.43]","[404.626, -125.2, 2087.22]","[399.273, -322.346, 2047.71]","[309.208, -379.818, 2077.76]","[274.564, -775.629, 2066.19]","[274.617, -1151.48, 2066.52]","[472.974, -391.129, 1993.21]","[381.562, -707.648, 1769.31]","[375.408, -1082.24, 1770.38]","[230.372, -301.258, 2068.44]","[414.334, -370.658, 1788.33]","[403.611, 198.041, 2086.25]","[0, 0, 0]"
101,84.1099,2,200,"[368.885, 311.792, 2123.47]","[400.908, 117.739, 2090.15]","[369.869, 122.619, 2249.79]","[282.927, -43.3154, 2050.11]","[214.062, -333.466, 2056.93]","[451.467, 109.371, 1945.23]","[483.736, -153.572, 1880.92]","[373.198, -410.575, 1778.59]","[400.424, -124.967, 2086.53]","[394.863, -323.353, 2047.87]","[303.67, -378.088, 2077.69]","[273.154, -774.811, 2066.32]","[271.77, -1148.23, 2066.22]","[468.798, -391.316, 1992.87]","[369.479, -705.94, 1769.56]","[359.913, -1076.94, 1768.23]","[225.542, -285.105, 2055.79]","[391.602, -367.737, 1795.65]","[401.07, 198.053, 2091.35]","[0, 0, 0]"
102,74.088,2,200,"[365.171, 310.506, 2130.54]","[397.882, 117.811, 2094.48]","[368.575, 122.162, 2256.38]","[276.803, -27.6595, 2046.08]","[213.249, -321.018, 2052.63]","[444.979, 111.049, 1948.5]","[474.966, -150.801, 1880.67]","[347.269, -405.432, 1786.67]","[396.69, -124.203, 2085.78]","[390.232, -323.954, 2047.9]","[297.009, -376.786, 2076.53]","[270.899, -774.108, 2066.05]","[269.105, -1148.09, 2065.69]","[464.488, -391.707, 1992.0]","[357.347, -706.773, 1772.97]","[349.134, -1081.35, 1775.07]","[223.842, -272.123, 2051.54]","[368.541, -362.991, 1802.34]","[398.279, 198.069, 2097.38]","[0, 0, 0]"
103,65.6704,2,200,"[362.366, 309.307, 2137.31]","[395.491, 117.91, 2098.77]","[367.176, 121.198, 2263.02]","[366.448, -149.912, 2267.21]","[366.448, -499.331, 2267.21]","[440.694, 112.74, 1951.93]","[464.1, -148.311, 1882.13]","[323.737, -398.837, 1792.85]","[394.665, -123.131, 2085.04]","[386.682, -324.146, 2047.87]","[291.676, -379.51, 2065.64]","[269.605, -777.124, 2067.36]","[268.9, -1154.45, 2068.45]","[461.443, -391.088, 1992.14]","[359.18, -710.357, 1776.96]","[363.615, -1087.59, 1779.46]","[366.448, -400.499, 2267.21]","[347.13, -357.082, 1807.73]","[395.768, 198.083, 2103.34]","[0, 0, 0]"
104,59.1363,2,200,"[360.249, 308.495, 2142.49]","[393.217, 118.019, 2102.13]","[365.78, 120.655, 2269.02]","[365.029, -149.219, 2272.41]","[365.029, -497.331, 2272.41]","[437.289, 113.907, 1954.53]","[450.31, -146.444, 1883.36]","[297.61, -390.524, 1798.87]","[393.253, -122.626, 2084.03]","[382.032, -324.197, 2047.63]","[290.582, -389.917, 2043.88]","[268.499, -786.36, 2067.95]","[267.946, -1168.49, 2068.24]","[457.061, -391.933, 1992.86]","[361.953, -715.859, 1781.53]","[365.478, -1094.44, 1784.39]","[365.029, -398.378, 2272.41]","[323.063, -349.844, 1812.95]","[393.207, 198.09, 2108.16]","[0, 0, 0]"
105,53.709,2,200,"[358.534, 308.044, 2145.92]","[390.972, 118.147, 2104.32]","[360.747, 113.955, 2269.48]","[356.893, -160.53, 2268.14]","[356.893, -508.892, 2268.14]","[433.199, 114.598, 1956.32]","[439.399, -144.803, 1883.66]","[269.519, -379.073, 1806.65]","[391.754, -123.238, 2081.96]","[376.395, -324.776, 2047.39]","[287.742, -401.403, 2038.69]","[268.509, -798.132, 2066.25]","[268.873, -1181.21, 2064.62]","[451.439, -395.753, 1993.9]","[365.822, -729.115, 1794.0]","[369.3, -1113.91, 1803.43]","[356.893, -409.844, 2268.14]","[297.834, -340.026, 1819.48]","[390.715, 198.095, 2111.72]","[0, 0, 0]"
106,49.5672,2,200,"[357.075, 308.952, 2148.15]","[388.943, 118.289, 2105.35]","[355.448, 105.881, 2267.15]","[351.9, -168.341, 2264.23]","[351.9, -516.151, 2264.23]","[432.1, 115.106, 1957.98]","[428.87, -142.945, 1882.94]","[242.226, -365.502, 1812.82]","[389.907, -125.31, 2078.78]","[372.429, -326.668, 2047.19]","[285.98, -413.964, 2042.92]","[268.048, -811.061, 2067.65]","[267.831, -1194.16, 2069.01]","[448.07, -403.782, 1996.21]","[368.001, -742.861, 1803.55]","[369.369, -1126.64, 1809.26]","[351.9, -417.031, 2264.23]","[273.335, -328.407, 1824.51]","[388.627, 198.097, 2114.04]","[0, 0, 0]"
107,46.2538,2,200,"[355.698, 310.392, 2149.54]","[386.571, 118.423, 2106.11]","[351.683, 108.27, 2271.13]","[349.725, -155.968, 2274.4]","[349.725, -502.922, 2274.4]","[430.183, 114.904, 1958.97]","[413.952, -141.224, 1881.31]","[211.216, -350.1, 1817.83]","[386.663, -125.356, 2076.22]","[370.192, -326.986, 2047.58]","[284.245, -427.555, 2043.72]","[267.254, -824.443, 2071.92]","[266.73, -1207.25, 2075.43]","[447.289, -413.889, 1997.78]","[365.621, -752.041, 1804.02]","[363.035, -1131.06, 1801.8]","[349.725, -403.747, 2274.4]","[245.007, -315.286, 1828.41]","[386.54, 198.097, 2115.87]","[0, 0, 0]"
108,43.403,2,200,"[354.46, 311.782, 2150.46]","[384.156, 118.525, 2107.18]","[349.164, 105.54, 2272.13]","[283.676, -83.7546, 2114.55]","[175.89, -313.866, 2013.95]","[426.759, 113.849, 1959.89]","[397.83, -139.641, 1878.75]","[179.178, -331.968, 1821.04]","[382.048, -124.499, 2075.3]","[368.682, -326.889, 2048.23]","[281.037, -436.135, 2046.87]","[265.221, -832.597, 2080.33]","[263.668, -1210.47, 2086.79]","[447.435, -423.967, 1999.27]","[357.228, -754.477, 1796.84]","[350.203, -1128.0, 1789.36]","[194.062, -275.849, 2030.71]","[215.623, -299.914, 1830.66]","[384.847, 198.097, 2117.62]","[0, 0, 0]"
109,41.3224,2,200,"[353.355, 312.777, 2151.0]","[381.984, 118.573, 2108.26]","[347.134, 100.961, 2271.04]","[282.959, -118.661, 2148.02]","[155.911, -321.981, 1995.84]","[423.663, 112.194, 1960.84]","[384.297, -139.066, 1875.51]","[153.666, -315.383, 1817.39]","[376.994, -123.471, 2076.06]","[367.502, -326.908, 2049.42]","[279.109, -444.679, 2048.51]","[260.186, -840.326, 2088.22]","[256.273, -1218.36, 2093.36]","[448.281, -432.874, 2000.57]","[348.298, -751.659, 1784.95]","[342.016, -1121.83, 1775.2]","[177.193, -288.265, 2021.2]","[192.112, -286.003, 1827.07]","[383.628, 198.097, 2118.84]","[0, 0, 0]"
110,39.6579,2,200,"[352.32, 313.409, 2151.31]","[379.854, 118.606, 2109.16]","[345.108, 98.4826, 2270.37]","[283.07, -135.549, 2158.62]","[115.373, -295.794, 1985.87]","[420.696, 110.418, 1961.86]","[369.885, -138.033, 1870.79]","[127.897, -298.853, 1818.35]","[371.657, -122.455, 2077.34]","[366.227, -326.753, 2050.41]","[277.886, -448.118, 2049.19]","[251.438, -842.709, 2093.71]","[244.918, -1216.46, 2096.43]","[450.24, -433.978, 2001.88]","[340.741, -743.604, 1777.59]","[336.258, -1110.64, 1773.26]","[143.353, -269.135, 2014.66]","[168.232, -272.052, 1827.09]","[382.562, 198.097, 2119.65]","[0, 0, 0]"
111,38.3263,2,200,"[351.35, 313.717, 2151.49]","[378.175, 118.615, 2109.78]","[342.949, 97.3391, 2269.82]","[283.249, -139.724, 2152.15]","[87.8776, -272.442, 1976.86]","[419.903, 109.453, 1962.76]","[354.465, -136.66, 1868.45]","[103.349, -282.506, 1818.75]","[367.904, -121.633, 2078.73]","[365.26, -326.351, 2051.18]","[276.446, -449.452, 2049.29]","[246.084, -843.446, 2096.28]","[243.295, -1216.71, 2096.69]","[452.87, -432.383, 2003.02]","[336.187, -740.035, 1779.32]","[334.361, -1112.21, 1782.85]","[120.405, -250.288, 2006.07]","[145.205, -258.201, 1827.03]","[381.576, 198.097, 2120.05]","[0, 0, 0]"
112,37.4611,2,200,"[350.448, 313.797, 2151.61]","[376.969, 118.607, 2110.16]","[340.052, 97.4572, 2269.53]","[282.914, -138.374, 2140.8]","[68.1055, -251.024, 1971.08]","[419.586, 109.17, 1963.21]","[336.664, -134.241, 1867.83]","[79.0112, -266.798, 1817.35]","[365.973, -121.027, 2079.93]","[364.669, -325.768, 2051.71]","[274.989, -448.656, 2049.53]","[242.887, -842.366, 2097.35]","[241.838, -1214.74, 2097.01]","[455.836, -428.299, 2004.59]","[329.514, -734.509, 1784.2]","[325.496, -1104.99, 1789.11]","[103.851, -232.19, 1999.37]","[121.957, -244.71, 1825.77]","[380.616, 198.096, 2120.19]","[0, 0, 0]"
113,36.3689,2,200,"[349.599, 313.735, 2151.69]","[376.048, 118.59, 2110.42]","[338.746, 98.2111, 2269.96]","[282.039, -133.823, 2128.21]","[53.4653, -232.328, 1967.89]","[419.442, 109.166, 1963.43]","[321.951, -132.346, 1867.59]","[55.0699, -244.454, 1820.43]","[365.184, -120.599, 2080.98]","[364.307, -324.84, 2052.04]","[273.845, -446.266, 2050.03]","[242.196, -840.026, 2097.13]","[242.911, -1211.89, 2096.15]","[457.297, -426.438, 2006.79]","[323.401, -730.574, 1788.02]","[320.011, -1102.68, 1790.93]","[91.5126, -215.858, 1994.61]","[99.5518, -225.77, 1828.29]","[379.658, 198.096, 2120.21]","[0, 0, 0]"
114,35.6951,2,200,"[348.709, 313.589, 2151.75]","[375.159, 118.565, 2110.65]","[337.929, 99.1544, 2270.67]","[279.421, -127.147, 2117.38]","[41.7803, -216.765, 1966.71]","[419.191, 109.312, 1963.5]","[304.981, -127.689, 1869.53]","[33.4013, -228.909, 1825.61]","[364.917, -120.313, 2082.01]","[364.037, -323.62, 2052.39]","[273.805, -444.888, 2050.74]","[242.278, -838.739, 2096.49]","[243.097, -1211.93, 2095.58]","[457.521, -426.578, 2009.32]","[321.034, -729.03, 1789.87]","[320.833, -1103.05, 1790.72]","[81.3565, -201.795, 1991.82]","[78.666, -212.04, 1832.93]","[378.567, 198.096, 2120.19]","[0, 0, 0]"
115,35.1561,2,200,"[347.802, 313.386, 2151.82]","[374.256, 118.537, 2110.9]","[337.44, 99.5799, 2271.2]","[274.833, -118.788, 2108.83]","[31.7331, -203.293, 1965.38]","[418.783, 109.517, 1963.47]","[290.971, -121.633, 1872.9]","[15.8175, -215.675, 1835.73]","[364.844, -120.129, 2083.09]","[363.779, -322.194, 2052.87]","[274.217, -444.277, 2051.67]","[242.143, -838.133, 2096.32]","[242.388, -1211.93, 2096.09]","[456.88, -427.017, 2010.35]","[321.095, -729.596, 1790.79]","[322.4, -1104.95, 1790.94]","[72.2352, -189.193, 1989.29]","[61.678, -200.002, 1841.92]","[377.392, 198.096, 2120.16]","[0, 0, 0]"
116,34.5249,2,200,"[346.934, 313.177, 2151.85]","[373.327, 118.508, 2111.16]","[337.078, 99.778, 2271.66]","[269.093, -111.31, 2104.47]","[21.188, -188.69, 1961.33]","[417.792, 109.666, 1963.31]","[284.05, -117.327, 1874.91]","[2.69338, -204.191, 1850.77]","[364.786, -120.016, 2084.24]","[363.501, -320.644, 2053.5]","[274.697, -444.077, 2052.83]","[241.823, -837.91, 2096.43]","[241.748, -1211.92, 2096.5]","[455.879, -427.562, 2010.67]","[322.261, -731.132, 1791.34]","[323.868, -1106.74, 1791.35]","[62.5017, -175.788, 1985.19]","[49.5859, -189.712, 1854.8]","[376.176, 198.096, 2120.15]","[0, 0, 0]"
117,34.2199,2,200,"[346.127, 312.996, 2151.87]","[372.369, 118.479, 2111.47]","[336.759, 99.8627, 2272.07]","[261.643, -103.739, 2102.03]","[9.74121, -182.491, 1961.14]","[415.998, 109.757, 1962.99]","[280.782, -114.438, 1875.89]","[-6.2333, -195.491, 1860.27]","[364.686, -119.955, 2085.49]","[363.203, -318.949, 2054.27]","[274.934, -443.191, 2054.24]","[241.427, -837.085, 2096.09]","[241.236, -1210.43, 2095.78]","[454.568, -427.809, 2010.77]","[323.235, -732.597, 1791.92]","[324.197, -1107.68, 1792.11]","[51.7253, -169.366, 1984.62]","[41.6026, -181.983, 1862.87]","[374.935, 198.096, 2120.15]","[0, 0, 0]"
118,33.9759,2,200,"[345.376, 312.798, 2151.87]","[371.6, 118.45, 2111.82]","[336.671, 99.9201, 2272.45]","[254.161, -97.5896, 2101.8]","[2.46715, -179.213, 1961.75]","[412.952, 109.651, 1962.43]","[277.311, -112.189, 1876.33]","[-12.0879, -187.733, 1866.38]","[364.587, -119.931, 2086.88]","[362.91, -317.429, 2055.32]","[274.457, -442.818, 2055.36]","[241.028, -836.809, 2095.66]","[240.82, -1210.6, 2095.33]","[453.853, -427.989, 2010.6]","[324.14, -734.204, 1792.93]","[324.833, -1109.16, 1793.55]","[44.4181, -165.611, 1985.09]","[36.1468, -175.146, 1868.04]","[373.943, 198.096, 2120.15]","[0, 0, 0]"
119,33.5807,2,200,"[344.667, 312.57, 2151.84]","[371.121, 118.419, 2112.23]","[336.727, 100.024, 2272.73]","[246.988, -93.8188, 2104.22]","[5.20813, -197.847, 1959.77]","[409.14, 109.364, 1961.83]","[274.295, -110.946, 1876.12]","[-18.6084, -180.995, 1870.86]","[364.519, -119.942, 2088.51]","[362.618, -316.223, 2056.61]","[273.433, -442.66, 2056.73]","[240.843, -836.831, 2095.19]","[240.81, -1210.75, 2094.88]","[453.521, -428.066, 2010.22]","[324.422, -735.237, 1793.67]","[516.075, -936.907, 2026.41]","[45.5034, -180.503, 1983.84]","[30.2104, -169.324, 1871.74]","[373.328, 198.096, 2120.16]","[0, 0, 0]"
120,33.4646,2,200,"[344.153, 312.334, 2151.84]","[370.885, 118.383, 2112.76]","[336.932, 100.163, 2272.95]","[240.788, -93.1196, 2109.66]","[-2.7954, -187.679, 1962.04]","[406.781, 109.195, 1961.47]","[271.326, -109.078, 1876.04]","[-21.9101, -176.641, 1872.97]","[364.482, -119.998, 2090.58]","[362.326, -315.362, 2058.16]","[272.088, -442.521, 2058.41]","[240.774, -836.912, 2094.87]","[240.804, -1210.74, 2094.71]","[453.455, -427.883, 2009.82]","[324.396, -735.776, 1794.4]","[324.246, -1109.6, 1794.78]","[37.8019, -171.919, 1986.64]","[26.9641, -165.384, 1873.48]","[373.026, 198.097, 2120.18]","[0, 0, 0]"
121,33.3717,2,200,"[343.871, 312.104, 2151.86]","[370.803, 118.358, 2113.21]","[337.208, 100.333, 2273.13]","[235.078, -95.8336, 2119.18]","[-7.64836, -181.481, 1966.92]","[405.162, 109.08, 1961.26]","[267.855, -106.705, 1876.01]","[-23.4251, -176.788, 1873.32]","[364.469, -120.031, 2092.36]","[362.033, -314.883, 2059.72]","[270.446, -442.491, 2060.13]","[240.665, -837.123, 2094.41]","[240.627, -1210.95, 2094.12]","[453.621, -427.571, 2009.35]","[324.172, -736.081, 1795.19]","[323.921, -1109.72, 1795.64]","[32.8057, -167.209, 1992.3]","[25.1226, -165.11, 1873.77]","[372.922, 198.097, 2120.19]","[0, 0, 0]"
122,33.0973,2,200,"[343.749, 311.878, 2151.9]","[370.796, 118.345, 2113.55]","[337.805, 100.494, 2273.34]","[229.991, -101.089, 2132.6]","[-9.40995, -180.799, 1968.98]","[404.121, 109.018, 1961.15]","[263.49, -103.595, 1876.13]","[-28.0698, -178.744, 1872.88]","[364.468, -120.027, 2093.67]","[361.716, -314.665, 2061.15]","[268.375, -441.866, 2060.83]","[306.444, -808.004, 1976.29]","[355.036, -1155.05, 1875.8]","[454.348, -425.739, 2008.8]","[324.15, -735.368, 1796.86]","[324.135, -1108.15, 1798.05]","[30.4878, -167.517, 1996.25]","[20.5241, -166.221, 1873.42]","[372.913, 198.098, 2120.21]","[0, 0, 0]"
123,33.0779,2,200,"[343.709, 311.628, 2152.0]","[370.815, 118.349, 2113.7]","[338.981, 105.889, 2276.74]","[231.816, -105.442, 2152.25]","[-6.10465, -177.67, 1983.41]","[402.839, 108.949, 1961.02]","[258.207, -100.274, 1876.33]","[-32.0839, -178.631, 1872.68]","[364.472, -119.965, 2094.2]","[361.386, -314.607, 2062.32]","[266.134, -440.819, 2060.9]","[350.113, -765.682, 1881.64]","[375.637, -1108.01, 1818.5]","[455.899, -422.05, 2008.62]","[324.231, -732.628, 1799.13]","[324.305, -1103.8, 1800.7]","[33.5478, -165.634, 2011.55]","[16.2981, -165.572, 1873.29]","[372.938, 198.099, 2120.22]","[0, 0, 0]"
124,33.2623,2,200,"[343.707, 311.36, 2152.14]","[370.848, 118.365, 2113.72]","[342.54, 116.829, 2282.88]","[240.367, -106.215, 2177.46]","[6.83351, -173.886, 2002.72]","[402.541, 111.374, 1959.89]","[256.433, -96.9011, 1876.97]","[-32.4499, -175.572, 1872.75]","[364.479, -119.87, 2094.23]","[361.039, -314.629, 2063.3]","[263.67, -439.209, 2060.79]","[370.048, -738.821, 1831.22]","[377.039, -1098.0, 1810.91]","[456.728, -420.335, 2009.22]","[323.539, -730.136, 1799.67]","[322.94, -1101.86, 1799.63]","[45.7547, -162.607, 2031.84]","[15.6973, -162.46, 1873.45]","[372.98, 198.1, 2120.24]","[0, 0, 0]"
125,33.0098,2,200,"[343.714, 311.084, 2152.26]","[370.884, 118.384, 2113.67]","[349.05, 123.238, 2286.87]","[249.565, -108.812, 2200.55]","[19.7825, -172.499, 2021.82]","[402.474, 112.058, 1959.76]","[256.103, -95.4974, 1876.8]","[-31.4872, -173.2, 1872.97]","[364.488, -119.77, 2094.03]","[360.684, -314.673, 2064.06]","[260.464, -436.01, 2060.57]","[374.6, -729.586, 1815.81]","[371.205, -1103.19, 1821.35]","[457.181, -419.791, 2010.31]","[321.644, -726.703, 1798.18]","[320.131, -1097.73, 1796.57]","[58.08, -161.884, 2051.61]","[16.4447, -160.249, 1873.61]","[373.025, 198.102, 2120.25]","[0, 0, 0]"
126,33.0079,2,200,"[343.737, 310.827, 2152.34]","[370.921, 118.402, 2113.61]","[353.447, 127.407, 2289.13]","[264.43, -113.539, 2217.32]","[34.2505, -173.198, 2040.06]","[402.409, 113.708, 1959.2]","[256.649, -94.172, 1877.07]","[-29.8279, -170.574, 1873.33]","[364.496, -119.678, 2093.75]","[360.316, -314.635, 2064.73]","[256.124, -429.486, 2060.32]","[372.807, -724.973, 1816.58]","[366.969, -1099.69, 1828.77]","[457.523, -419.123, 2011.74]","[318.639, -721.217, 1795.08]","[316.412, -1090.68, 1792.48]","[72.6154, -163.253, 2069.61]","[17.9181, -157.84, 1873.95]","[373.072, 198.103, 2120.25]","[0, 0, 0]"
127,33.2063,2,200,"[343.764, 310.595, 2152.39]","[370.955, 118.42, 2113.53]","[353.433, 129.012, 2289.43]","[282.47, -119.695, 2225.39]","[48.0104, -175.356, 2054.75]","[402.388, 117.226, 1957.92]","[257.882, -91.9369, 1877.77]","[-27.5058, -167.763, 1873.74]","[364.5, -119.596, 2093.44]","[359.939, -314.459, 2065.21]","[253.242, -425.087, 2060.25]","[370.842, -722.269, 1819.89]","[294.605, -863.063, 2166.76]","[458.026, -417.93, 2013.29]","[316.719, -716.946, 1793.96]","[315.689, -1087.81, 1793.49]","[87.0869, -166.076, 2083.19]","[20.0588, -155.125, 1874.41]","[373.116, 198.105, 2120.25]","[0, 0, 0]"
128,32.965,2,200,"[343.798, 310.394, 2152.44]","[370.984, 118.435, 2113.44]","[350.967, 129.692, 2288.74]","[298.107, -124.095, 2227.62]","[71.0914, -207.12, 2059.53]","[402.318, 121.229, 1956.65]","[259.075, -89.3953, 1878.83]","[-26.5925, -165.686, 1874.18]","[364.501, -119.524, 2093.11]","[359.56, -314.139, 2065.39]","[251.986, -423.694, 2060.22]","[363.088, -728.223, 1828.17]","[294.78, -864.244, 2169.03]","[458.869, -416.043, 2014.9]","[316.324, -714.332, 1795.39]","[400.726, -861.642, 2097.61]","[108.928, -193.284, 2087.54]","[21.0188, -152.97, 1874.95]","[373.155, 198.107, 2120.25]","[0, 0, 0]"
129,33.172,2,200,"[343.83, 310.221, 2152.49]","[371.005, 118.45, 2113.36]","[349.725, 130.19, 2288.01]","[308.194, -125.25, 2224.7]","[69.0003, -193.882, 2068.31]","[402.137, 124.408, 1955.9]","[259.256, -86.9135, 1879.9]","[-25.6428, -164.883, 1874.68]","[364.468, -119.459, 2092.79]","[359.162, -313.699, 2065.38]","[251.332, -423.282, 2060.22]","[350.357, -737.939, 1838.37]","[289.713, -868.32, 2176.7]","[459.791, -412.559, 2015.33]","[316.935, -712.678, 1798.58]","[323.013, -817.053, 2138.14]","[108.857, -182.431, 2094.38]","[21.8403, -151.888, 1875.55]","[373.193, 198.109, 2120.25]","[0, 0, 0]"
130,32.9376,2,200,"[343.858, 310.074, 2152.54]","[371.017, 118.464, 2113.28]","[349.304, 130.295, 2287.21]","[311.616, -123.099, 2214.76]","[117.586, -275.199, 2083.09]","[401.76, 126.099, 1955.82]","[258.111, -84.885, 1880.82]","[-25.4935, -165.193, 1875.18]","[364.41, -119.4, 2092.45]","[358.762, -313.198, 2065.28]","[250.896, -423.31, 2060.22]","[337.868, -744.495, 1843.57]","[276.517, -873.256, 2183.72]","[459.963, -410.874, 2015.38]","[317.536, -712.233, 1800.11]","[270.16, -799.048, 2154.18]","[149.979, -249.948, 2105.03]","[21.774, -151.808, 1876.12]","[373.23, 198.111, 2120.25]","[0, 0, 0]"
131,32.9501,2,200,"[343.87, 309.973, 2152.46]","[371.016, 118.477, 2113.19]","[348.692, 127.283, 2285.07]","[309.965, -121.39, 2199.39]","[306.257, -467.132, 2187.42]","[398.301, 126.135, 1956.0]","[255.088, -85.0079, 1881.0]","[-28.9891, -169.235, 1875.62]","[364.328, -119.346, 2092.12]","[358.356, -312.614, 2065.12]","[250.59, -423.338, 2060.21]","[336.79, -743.942, 1842.62]","[261.677, -875.198, 2181.33]","[459.681, -410.085, 2015.31]","[318.122, -712.306, 1800.7]","[236.333, -801.469, 2155.09]","[306.257, -368.027, 2187.42]","[18.3572, -155.197, 1876.51]","[373.256, 198.113, 2120.25]","[0, 0, 0]"
132,32.7601,2,200,"[343.878, 309.908, 2152.28]","[371.007, 118.493, 2113.11]","[348.045, 121.532, 2281.59]","[304.464, -122.049, 2184.81]","[298.919, -472.14, 2175.2]","[392.784, 125.166, 1956.4]","[250.952, -86.5444, 1880.71]","[-35.1347, -171.843, 1876.61]","[364.234, -119.292, 2091.81]","[357.961, -311.955, 2064.95]","[250.362, -423.388, 2060.2]","[341.157, -738.674, 1837.17]","[253.519, -875.729, 2171.94]","[459.194, -409.731, 2015.18]","[318.868, -712.712, 1800.86]","[219.04, -815.961, 2148.9]","[298.919, -373.038, 2175.2]","[12.5464, -157.626, 1877.29]","[373.275, 198.119, 2120.25]","[0, 0, 0]"
133,33.0081,2,200,"[343.884, 309.867, 2152.07]","[370.924, 118.517, 2113.03]","[347.584, 115.076, 2277.64]","[295.389, -123.472, 2173.07]","[288.063, -475.821, 2166.62]","[387.089, 123.83, 1957.03]","[246.838, -88.5062, 1880.4]","[-41.6891, -173.781, 1878.51]","[363.872, -119.228, 2091.49]","[357.486, -311.229, 2064.8]","[250.213, -423.582, 2060.11]","[342.008, -736.842, 1834.66]","[248.667, -878.317, 2166.85]","[458.573, -409.555, 2015.01]","[319.858, -713.602, 1801.17]","[214.711, -835.501, 2141.14]","[288.063, -376.721, 2166.62]","[6.39857, -159.569, 1878.82]","[373.286, 198.13, 2120.24]","[0, 0, 0]"
134,32.8065,2,200,"[343.889, 309.84, 2151.82]","[370.754, 118.544, 2112.95]","[347.246, 109.205, 2273.86]","[285.3, -125.508, 2165.98]","[278.229, -479.769, 2163.43]","[384.412, 122.233, 1957.99]","[244.389, -89.8512, 1880.45]","[-46.3223, -175.389, 1881.85]","[363.18, -119.155, 2091.18]","[356.919, -310.461, 2064.67]","[250.033, -423.769, 2060.0]","[342.592, -734.935, 1831.96]","[247.837, -879.141, 2162.94]","[457.979, -409.233, 2014.83]","[321.424, -714.857, 1801.87]","[217.251, -852.638, 2135.05]","[278.229, -380.671, 2163.43]","[2.1294, -161.133, 1881.62]","[373.29, 198.144, 2120.24]","[0, 0, 0]"
135,32.4452,2,200,"[343.893, 309.824, 2151.56]","[370.536, 118.574, 2112.88]","[347.113, 106.559, 2271.93]","[278.548, -126.774, 2164.93]","[275.009, -481.554, 2166.81]","[383.603, 120.188, 1959.31]","[242.446, -90.7679, 1880.92]","[-49.9415, -177.072, 1887.58]","[362.31, -119.077, 2090.89]","[356.308, -309.637, 2064.54]","[249.906, -423.898, 2059.88]","[344.48, -732.469, 1829.17]","[249.667, -878.56, 2159.4]","[457.407, -408.602, 2014.57]","[322.899, -715.592, 1802.28]","[224.705, -862.301, 2132.6]","[275.009, -382.457, 2166.81]","[-1.21028, -162.688, 1886.47]","[373.291, 198.158, 2120.24]","[0, 0, 0]"
136,32.9561,2,200,"[343.898, 309.811, 2151.29]","[370.295, 118.607, 2112.78]","[347.051, 105.691, 2271.0]","[276.461, -128.765, 2167.89]","[276.775, -485.663, 2171.94]","[383.759, 118.637, 1960.46]","[241.386, -91.394, 1881.9]","[-52.4149, -178.64, 1894.89]","[361.349, -118.989, 2090.56]","[355.681, -309.023, 2064.33]","[249.939, -423.764, 2059.86]","[347.29, -727.43, 1823.91]","[254.648, -876.325, 2153.47]","[457.074, -407.05, 2014.45]","[324.027, -715.344, 1803.13]","[236.66, -866.692, 2133.65]","[276.775, -386.567, 2171.94]","[-3.44778, -164.099, 1892.72]","[373.29, 198.174, 2120.23]","[0, 0, 0]"
137,32.9649,2,200,"[343.912, 309.79, 2151.1]","[370.044, 118.645, 2112.68]","[347.066, 105.676, 2270.56]","[276.648, -131.604, 2174.29]","[93.9488, -309.407, 2073.8]","[384.509, 118.408, 1960.99]","[241.131, -91.2999, 1883.5]","[-54.16, -180.249, 1898.39]","[360.35, -118.894, 2090.21]","[355.054, -308.804, 2064.07]","[249.755, -423.356, 2059.83]","[349.097, -724.107, 1820.95]","[261.763, -875.207, 2150.87]","[457.235, -404.355, 2014.35]","[325.1, -714.105, 1804.6]","[247.518, -867.025, 2136.41]","[127.422, -279.354, 2094.08]","[-4.94458, -165.424, 1895.91]","[373.29, 198.194, 2120.2]","[0, 0, 0]"
138,32.7719,2,200,"[343.933, 309.762, 2150.98]","[369.789, 118.687, 2112.59]","[347.086, 106.061, 2270.36]","[277.958, -134.905, 2183.01]","[99.2946, -344.541, 2070.99]","[385.416, 118.906, 1961.16]","[241.411, -90.7636, 1884.81]","[-55.0849, -182.204, 1898.98]","[359.337, -118.797, 2089.9]","[354.409, -308.826, 2063.81]","[249.332, -422.671, 2059.76]","[350.77, -720.581, 1818.19]","[271.77, -874.423, 2148.85]","[457.924, -400.004, 2014.27]","[326.501, -711.725, 1807.02]","[253.897, -864.895, 2139.68]","[130.395, -309.413, 2090.91]","[-5.66856, -166.964, 1896.62]","[373.29, 198.218, 2120.18]","[0, 0, 0]"
139,32.8175,2,200,"[343.956, 309.734, 2150.92]","[369.551, 118.731, 2112.51]","[347.187, 106.864, 2270.51]","[280.24, -137.589, 2191.58]","[129.288, -377.813, 2071.59]","[386.301, 119.742, 1961.1]","[242.154, -89.772, 1884.64]","[-55.3362, -183.206, 1898.27]","[358.385, -118.703, 2089.65]","[353.795, -309.009, 2063.6]","[248.873, -422.509, 2059.58]","[350.412, -721.814, 1819.79]","[276.511, -875.469, 2151.74]","[458.47, -396.534, 2014.2]","[327.617, -709.786, 1808.91]","[254.678, -855.709, 2144.55]","[154.881, -337.702, 2091.79]","[-5.75408, -167.633, 1896.0]","[373.29, 198.245, 2120.16]","[0, 0, 0]"
140,32.654,2,200,"[343.979, 309.707, 2150.89]","[369.346, 118.773, 2112.44]","[347.547, 107.832, 2270.93]","[282.588, -138.674, 2196.58]","[164.22, -401.512, 2074.13]","[387.138, 120.653, 1960.88]","[243.236, -88.4873, 1883.02]","[-54.9622, -183.463, 1896.97]","[357.569, -118.616, 2089.46]","[353.24, -309.289, 2063.43]","[248.357, -422.672, 2059.38]","[348.29, -726.999, 1825.42]","[277.177, -878.093, 2159.17]","[458.543, -395.41, 2014.3]","[328.253, -709.333, 1809.68]","[251.307, -831.24, 2153.15]","[183.991, -357.687, 2094.36]","[-5.26234, -167.633, 1894.65]","[373.29, 198.273, 2120.14]","[0, 0, 0]"
141,32.7232,2,200,"[344.001, 309.683, 2150.88]","[369.267, 118.808, 2112.38]","[348.579, 114.247, 2274.48]","[286.084, -133.143, 2200.85]","[193.421, -408.62, 2077.35]","[387.91, 121.424, 1960.67]","[244.778, -86.96, 1879.53]","[-53.6641, -182.921, 1895.35]","[357.255, -118.559, 2089.31]","[352.994, -309.607, 2063.31]","[247.98, -422.911, 2059.18]","[347.436, -730.482, 1829.26]","[276.487, -879.45, 2164.0]","[458.553, -395.541, 2014.4]","[328.769, -709.838, 1810.03]","[247.708, -814.069, 2158.53]","[208.774, -362.712, 2097.69]","[-3.92375, -166.928, 1892.71]","[373.29, 198.301, 2120.11]","[0, 0, 0]"
142,32.9786,2,200,"[344.023, 309.655, 2150.87]","[369.268, 118.838, 2112.3]","[348.926, 115.631, 2275.3]","[288.14, -132.145, 2201.55]","[206.492, -410.041, 2074.45]","[388.592, 122.663, 1960.07]","[246.906, -85.2831, 1875.39]","[-51.3672, -180.874, 1893.9]","[357.257, -118.524, 2089.18]","[352.955, -309.921, 2063.23]","[247.742, -423.155, 2059.1]","[347.852, -732.679, 1832.06]","[275.26, -879.976, 2167.17]","[458.763, -395.376, 2014.39]","[329.784, -710.506, 1810.8]","[244.626, -804.072, 2161.73]","[219.993, -363.737, 2095.44]","[-1.65507, -164.942, 1890.82]","[373.29, 198.329, 2120.05]","[0, 0, 0]"
143,32.7829,2,200,"[344.044, 309.61, 2150.86]","[369.319, 118.861, 2112.14]","[349.581, 118.359, 2276.92]","[290.585, -129.5, 2202.09]","[207.223, -402.381, 2071.45]","[389.203, 123.61, 1959.27]","[250.042, -84.8621, 1871.75]","[-46.9262, -177.428, 1893.56]","[357.458, -118.511, 2089.05]","[353.057, -310.365, 2063.29]","[247.511, -424.583, 2059.02]","[350.792, -734.969, 1834.57]","[273.444, -879.986, 2169.58]","[459.17, -395.994, 2014.33]","[331.176, -712.305, 1811.95]","[242.631, -794.552, 2165.05]","[221.036, -356.913, 2093.1]","[2.56871, -161.999, 1889.92]","[373.291, 198.356, 2119.88]","[0, 0, 0]"
144,32.8263,2,200,"[344.063, 309.559, 2150.84]","[369.386, 118.883, 2111.92]","[350.175, 121.344, 2278.88]","[350.515, -142.378, 2280.11]","[350.515, -496.659, 2280.11]","[389.657, 124.82, 1957.91]","[256.434, -87.2062, 1869.84]","[-39.1639, -172.71, 1893.63]","[357.725, -118.505, 2088.89]","[353.201, -310.831, 2063.3]","[247.963, -426.872, 2058.91]","[357.721, -737.598, 1838.09]","[270.283, -879.812, 2171.72]","[459.423, -397.155, 2014.35]","[333.614, -715.582, 1813.95]","[240.705, -785.064, 2168.7]","[350.515, -397.565, 2280.11]","[10.1026, -158.458, 1889.66]","[373.291, 198.383, 2119.63]","[0, 0, 0]"
145,32.861,2,200,"[344.076, 309.518, 2150.83]","[369.458, 118.913, 2111.67]","[350.724, 125.038, 2281.12]","[351.02, -138.136, 2282.53]","[351.02, -491.605, 2282.53]","[390.258, 125.987, 1956.48]","[263.326, -90.1537, 1869.17]","[-31.5657, -170.163, 1893.0]","[358.011, -118.491, 2088.7]","[353.356, -311.274, 2063.29]","[249.197, -430.262, 2058.76]","[366.392, -738.651, 1838.51]","[267.642, -878.26, 2170.04]","[459.56, -398.673, 2014.42]","[336.198, -718.94, 1815.44]","[239.033, -776.249, 2171.25]","[351.02, -392.511, 2282.53]","[17.5829, -156.828, 1889.03]","[373.291, 198.418, 2119.36]","[0, 0, 0]"
146,32.8888,2,200,"[344.081, 309.502, 2150.82]","[369.548, 118.944, 2111.51]","[351.01, 129.524, 2283.52]","[351.087, -133.105, 2284.98]","[351.087, -488.637, 2284.98]","[391.273, 127.445, 1955.15]","[265.152, -90.2996, 1870.53]","[-28.7863, -175.431, 1891.96]","[358.362, -118.483, 2088.65]","[353.543, -311.393, 2063.38]","[251.91, -436.198, 2058.52]","[367.107, -744.067, 1836.43]","[266.55, -876.335, 2170.49]","[459.186, -402.633, 2014.7]","[339.651, -725.035, 1816.84]","[238.82, -777.144, 2172.51]","[351.087, -389.542, 2284.98]","[20.2032, -161.242, 1888.39]","[373.293, 198.457, 2119.16]","[0, 0, 0]"
147,32.9111,2,200,"[344.083, 309.498, 2150.82]","[369.657, 118.971, 2111.43]","[351.041, 129.85, 2284.09]","[350.945, -136.508, 2283.94]","[350.945, -489.227, 2283.94]","[392.391, 124.818, 1955.77]","[265.414, -92.6226, 1871.58]","[-23.2871, -189.314, 1891.4]","[358.791, -118.492, 2088.79]","[353.786, -311.045, 2063.69]","[255.59, -444.314, 2058.25]","[378.212, -746.626, 1832.65]","[265.96, -872.179, 2165.51]","[457.484, -411.847, 2015.41]","[337.449, -729.056, 1809.76]","[241.502, -784.099, 2166.25]","[350.945, -390.132, 2283.94]","[24.8293, -173.197, 1888.1]","[373.297, 198.496, 2119.02]","[0, 0, 0]"
148,32.9289,2,200,"[344.109, 309.433, 2151.1]","[369.876, 118.997, 2111.46]","[351.506, 129.398, 2284.23]","[351.834, -137.097, 2283.95]","[351.834, -487.566, 2283.95]","[393.902, 122.959, 1956.35]","[266.33, -94.4755, 1873.03]","[-15.8582, -202.987, 1891.45]","[359.325, -118.51, 2089.13]","[354.12, -310.251, 2064.32]","[256.893, -451.216, 2057.73]","[380.584, -751.072, 1829.35]","[265.921, -868.02, 2164.6]","[456.847, -419.642, 2015.68]","[335.723, -733.243, 1805.13]","[242.731, -794.17, 2161.38]","[351.834, -388.471, 2283.95]","[31.1727, -184.901, 1888.38]","[373.409, 198.538, 2118.94]","[0, 0, 0]"
149,32.7431,2,200,"[344.159, 309.294, 2151.76]","[370.126, 119.03, 2111.48]","[352.155, 128.457, 2283.93]","[352.605, -138.078, 2283.45]","[352.605, -486.748, 2283.45]","[395.526, 121.539, 1957.11]","[268.208, -96.6465, 1875.39]","[-11.0433, -207.178, 1893.01]","[359.787, -118.499, 2089.28]","[354.459, -309.595, 2064.86]","[255.881, -454.622, 2057.51]","[381.439, -752.311, 1827.28]","[265.926, -863.547, 2164.27]","[457.814, -422.004, 2015.31]","[335.714, -735.38, 1804.93]","[241.832, -807.345, 2158.74]","[352.605, -387.652, 2283.45]","[35.4985, -188.756, 1890.07]","[373.589, 198.578, 2118.92]","[0, 0, 0]"
150,32.7945,2,200,"[344.254, 309.002, 2153.15]","[370.449, 119.073, 2111.47]","[352.924, 128.013, 2283.59]","[353.434, -137.841, 2283.24]","[353.434, -485.071, 2283.24]","[397.435, 120.5, 1958.04]","[270.015, -98.5801, 1878.95]","[-8.12195, -206.669, 1896.23]","[360.184, -118.457, 2089.23]","[354.877, -309.514, 2065.21]","[254.684, -456.916, 2057.52]","[382.748, -755.968, 1830.47]","[263.792, -862.382, 2167.85]","[459.112, -422.903, 2014.83]","[337.874, -738.867, 1807.86]","[239.179, -818.471, 2158.72]","[353.434, -385.975, 2283.24]","[38.2342, -188.654, 1893.35]","[373.887, 198.621, 2118.92]","[0, 0, 0]"
151,32.6356,2,200,"[344.408, 308.502, 2155.57]","[370.809, 119.124, 2111.44]","[353.673, 128.018, 2283.3]","[354.125, -137.401, 2283.06]","[354.125, -486.383, 2283.06]","[398.612, 120.591, 1958.5]","[270.638, -99.2128, 1882.38]","[-11.0004, -198.229, 1898.54]","[360.544, -118.395, 2089.07]","[355.418, -309.749, 2065.26]","[254.591, -457.904, 2057.81]","[382.526, -751.786, 1824.14]","[266.747, -860.788, 2161.78]","[460.085, -423.457, 2014.54]","[340.032, -741.542, 1810.12]","[237.651, -827.938, 2158.38]","[354.125, -387.286, 2283.06]","[35.9397, -181.727, 1895.85]","[374.246, 198.668, 2118.93]","[0, 0, 0]"
152,32.7085,2,200,"[344.596, 307.887, 2158.71]","[371.167, 119.174, 2111.42]","[354.16, 128.325, 2283.03]","[354.371, -136.875, 2282.86]","[354.371, -484.357, 2282.86]","[398.789, 121.414, 1958.54]","[270.976, -99.2333, 1884.59]","[-14.1553, -184.92, 1900.09]","[360.88, -118.334, 2088.93]","[356.049, -310.112, 2065.18]","[255.34, -458.239, 2058.43]","[383.834, -748.478, 1820.51]","[269.372, -860.789, 2157.49]","[461.03, -423.081, 2014.32]","[343.234, -743.7, 1812.55]","[236.216, -826.681, 2160.26]","[354.371, -385.26, 2282.86]","[33.3669, -170.639, 1897.51]","[374.612, 198.715, 2118.95]","[0, 0, 0]"
153,32.7668,2,200,"[344.782, 307.289, 2162.08]","[371.519, 119.222, 2111.42]","[354.798, 128.729, 2282.81]","[355.17, -136.453, 2282.69]","[355.17, -482.735, 2282.69]","[398.493, 122.574, 1958.37]","[271.394, -98.7951, 1885.33]","[-15.349, -175.255, 1900.95]","[361.217, -118.279, 2088.85]","[356.754, -310.461, 2065.06]","[257.709, -457.76, 2059.37]","[383.25, -756.977, 1831.58]","[266.155, -865.005, 2169.04]","[460.765, -422.358, 2014.64]","[345.044, -744.193, 1813.57]","[235.75, -818.153, 2162.54]","[355.17, -383.637, 2282.69]","[32.4417, -162.511, 1898.35]","[374.969, 198.76, 2118.98]","[0, 0, 0]"
154,33.0134,2,200,"[344.881, 307.009, 2164.68]","[371.869, 119.271, 2111.41]","[355.037, 129.206, 2282.59]","[355.061, -135.963, 2282.47]","[355.061, -481.285, 2282.47]","[398.01, 123.1, 1958.46]","[271.556, -98.6417, 1885.43]","[-14.5959, -173.325, 1901.39]","[361.549, -118.222, 2088.73]","[357.6, -310.717, 2064.85]","[261.342, -456.715, 2060.4]","[382.571, -760.411, 1836.03]","[265.094, -866.954, 2173.84]","[460.076, -421.266, 2015.33]","[346.281, -743.474, 1813.74]","[236.401, -807.107, 2164.53]","[355.061, -382.186, 2282.47]","[33.0962, -160.878, 1898.73]","[375.326, 198.806, 2119.0]","[0, 0, 0]"
155,32.8107,2,200,"[344.885, 307.037, 2166.43]","[372.126, 119.321, 2111.38]","[355.019, 129.749, 2282.41]","[354.879, -135.398, 2282.32]","[354.879, -479.954, 2282.32]","[397.176, 123.228, 1958.68]","[271.791, -98.957, 1885.16]","[-12.4301, -176.793, 1901.39]","[361.837, -118.16, 2088.56]","[358.517, -310.992, 2064.57]","[265.352, -455.313, 2061.19]","[383.701, -755.988, 1831.22]","[267.394, -865.606, 2168.45]","[459.001, -420.262, 2015.51]","[347.345, -742.835, 1813.3]","[238.858, -798.771, 2165.9]","[354.879, -380.854, 2282.32]","[34.9402, -163.82, 1898.69]","[375.572, 198.853, 2119.02]","[0, 0, 0]"
156,32.8486,2,200,"[344.801, 307.349, 2168.03]","[372.286, 119.414, 2111.87]","[354.593, 125.163, 2280.65]","[354.172, -144.375, 2279.2]","[354.172, -491.476, 2279.2]","[396.234, 123.418, 1959.47]","[272.439, -99.2834, 1884.84]","[-9.21226, -189.197, 1900.95]","[362.063, -118.008, 2088.41]","[359.447, -311.347, 2064.24]","[269.046, -453.177, 2061.37]","[382.464, -759.233, 1836.04]","[265.324, -865.279, 2174.11]","[457.707, -419.696, 2015.57]","[348.538, -742.683, 1812.66]","[245.051, -793.298, 2167.6]","[354.172, -392.376, 2279.2]","[37.7297, -174.211, 1898.27]","[375.71, 198.926, 2119.73]","[0, 0, 0]"
157,32.8789,2,200,"[344.571, 308.159, 2169.82]","[372.406, 119.557, 2113.98]","[354.23, 123.53, 2282.5]","[353.954, -142.759, 2284.36]","[353.954, -488.738, 2284.36]","[396.174, 123.844, 1962.01]","[274.283, -99.0712, 1884.95]","[-3.73149, -199.742, 1900.3]","[362.341, -117.693, 2088.79]","[360.397, -311.459, 2064.18]","[271.829, -451.203, 2061.26]","[380.747, -762.293, 1840.57]","[263.434, -864.368, 2179.81]","[456.794, -419.425, 2015.57]","[349.675, -742.629, 1811.91]","[259.132, -791.292, 2170.52]","[353.954, -389.637, 2284.36]","[42.604, -182.963, 1897.74]","[375.777, 199.011, 2122.42]","[0, 0, 0]"
158,32.9031,2,200,"[344.282, 309.166, 2171.66]","[372.528, 119.734, 2117.23]","[354.239, 124.55, 2287.3]","[354.314, -139.542, 2291.26]","[354.314, -484.625, 2291.26]","[396.667, 124.804, 1965.4]","[275.852, -97.8349, 1885.87]","[-1.23116, -199.885, 1900.49]","[362.727, -117.262, 2089.68]","[361.398, -311.053, 2064.41]","[274.016, -449.587, 2061.21]","[379.248, -759.544, 1837.1]","[265.212, -862.834, 2177.08]","[456.286, -419.422, 2015.66]","[350.096, -742.567, 1811.41]","[277.489, -791.203, 2173.93]","[354.314, -385.523, 2291.26]","[44.9491, -182.877, 1898.06]","[375.811, 199.103, 2126.46]","[0, 0, 0]"
159,32.9225,2,200,"[344.072, 309.896, 2172.8]","[372.647, 119.89, 2119.85]","[354.036, 126.173, 2291.7]","[353.896, -137.832, 2294.68]","[353.896, -482.2, 2294.68]","[397.428, 125.511, 1967.9]","[276.777, -96.7222, 1886.96]","[-1.87688, -191.867, 1901.51]","[363.142, -116.913, 2090.53]","[362.293, -310.303, 2064.74]","[274.751, -449.018, 2061.36]","[335.498, -805.951, 1954.93]","[292.183, -1218.56, 2055.31]","[456.81, -420.204, 2015.21]","[349.519, -742.9, 1810.83]","[299.523, -791.774, 2176.98]","[353.896, -383.097, 2294.68]","[44.5654, -176.009, 1899.08]","[375.83, 199.195, 2129.67]","[0, 0, 0]"
160,33.338,2,200,"[343.957, 310.295, 2173.36]","[372.75, 120.025, 2121.54]","[353.835, 129.223, 2295.62]","[353.71, -133.868, 2297.93]","[353.71, -480.625, 2297.93]","[398.406, 125.76, 1969.44]","[276.947, -95.7848, 1887.82]","[-6.88248, -177.403, 1903.18]","[363.5, -116.647, 2091.04]","[362.896, -309.615, 2064.98]","[274.415, -448.737, 2061.63]","[291.938, -830.664, 2035.61]","[260.102, -1217.78, 2086.97]","[457.746, -420.991, 2014.77]","[348.185, -742.587, 1809.86]","[325.041, -792.804, 2178.42]","[353.71, -381.521, 2297.93]","[40.4221, -163.799, 1900.62]","[375.848, 199.286, 2131.75]","[0, 0, 0]"
161,33.2704,2,200,"[343.905, 310.472, 2173.57]","[372.844, 120.152, 2122.55]","[353.801, 131.515, 2298.38]","[353.825, -132.588, 2299.64]","[353.825, -479.267, 2299.64]","[398.805, 125.71, 1970.26]","[276.63, -95.3061, 1888.26]","[-11.3588, -163.238, 1904.6]","[363.815, -116.434, 2091.28]","[363.252, -309.17, 2065.11]","[273.567, -448.583, 2062.06]","[266.324, -841.424, 2079.34]","[255.255, -1216.83, 2096.07]","[458.744, -421.668, 2014.48]","[345.977, -741.019, 1807.82]","[345.484, -795.391, 2176.82]","[353.825, -380.162, 2299.64]","[36.639, -151.915, 1901.88]","[375.868, 199.383, 2133.02]","[0, 0, 0]"
162,32.6163,2,200,"[343.902, 310.481, 2173.6]","[372.936, 120.267, 2123.02]","[353.727, 133.078, 2300.1]","[353.697, -131.719, 2300.62]","[353.697, -477.366, 2300.62]","[398.854, 125.604, 1970.43]","[275.809, -94.7228, 1887.87]","[-14.155, -152.31, 1905.63]","[364.117, -116.279, 2091.38]","[363.452, -308.949, 2065.17]","[272.69, -448.7, 2062.53]","[261.208, -846.319, 2070.75]","[266.302, -1218.56, 2046.8]","[459.665, -422.335, 2014.44]","[343.561, -738.579, 1804.89]","[364.286, -802.149, 2172.02]","[353.697, -378.259, 2300.62]","[34.1722, -142.711, 1902.67]","[375.889, 199.486, 2133.62]","[0, 0, 0]"
163,33.093,2,200,"[343.921, 310.415, 2173.55]","[373.03, 120.37, 2123.25]","[353.688, 133.152, 2300.83]","[353.682, -132.841, 2300.72]","[353.682, -478.542, 2300.72]","[398.927, 124.864, 1970.64]","[274.313, -93.9377, 1886.41]","[-16.1313, -148.235, 1906.13]","[364.41, -116.162, 2091.43]","[363.566, -308.868, 2065.2]","[271.041, -447.668, 2063.17]","[262.635, -846.481, 2063.28]","[269.242, -1216.6, 2049.92]","[460.497, -422.919, 2014.6]","[340.827, -735.289, 1801.28]","[385.141, -819.425, 2161.8]","[353.682, -379.435, 2300.72]","[32.2761, -139.186, 1902.84]","[375.917, 199.584, 2133.9]","[0, 0, 0]"
164,32.6744,2,200,"[343.946, 310.325, 2173.49]","[373.097, 120.482, 2123.32]","[353.657, 132.998, 2301.21]","[353.65, -132.934, 2301.06]","[353.65, -480.133, 2301.06]","[398.91, 124.449, 1970.55]","[273.953, -93.7766, 1885.31]","[-17.0618, -149.474, 1906.16]","[364.584, -116.049, 2091.45]","[363.61, -308.849, 2065.21]","[268.672, -445.358, 2063.58]","[336.349, -781.609, 1930.09]","[391.218, -1099.19, 1814.27]","[461.195, -423.493, 2014.82]","[337.878, -731.613, 1797.42]","[413.947, -853.273, 2140.02]","[353.65, -381.024, 2301.06]","[31.4407, -140.192, 1902.69]","[375.948, 199.695, 2133.99]","[0, 0, 0]"
165,32.7396,2,200,"[343.966, 310.256, 2173.44]","[373.145, 120.607, 2123.38]","[353.626, 132.779, 2301.5]","[353.613, -133.051, 2301.46]","[353.613, -482.876, 2301.46]","[398.852, 124.035, 1970.47]","[274.359, -94.1704, 1884.49]","[-17.041, -158.0, 1906.04]","[364.68, -115.925, 2091.49]","[363.622, -308.809, 2065.23]","[267.786, -445.249, 2063.73]","[337.786, -781.503, 1891.28]","[330.375, -1163.08, 1876.69]","[461.933, -424.109, 2015.48]","[338.682, -733.761, 1800.19]","[454.343, -907.926, 2104.32]","[353.613, -383.766, 2301.46]","[31.5257, -147.363, 1902.45]","[375.98, 199.821, 2134.06]","[0, 0, 0]"
166,32.9916,2,200,"[343.978, 310.21, 2173.41]","[373.18, 120.744, 2123.46]","[353.188, 123.616, 2297.58]","[352.826, -149.721, 2294.05]","[352.826, -502.639, 2294.05]","[398.826, 123.827, 1970.35]","[275.66, -95.0773, 1884.22]","[-15.3296, -173.011, 1905.97]","[364.728, -115.789, 2091.55]","[363.622, -308.731, 2065.25]","[267.814, -446.402, 2063.71]","[373.536, -749.345, 1841.29]","[398.611, -1100.03, 1813.6]","[462.604, -424.767, 2016.26]","[339.182, -735.454, 1802.53]","[339.873, -1110.27, 1804.6]","[352.826, -403.528, 2294.05]","[33.1688, -160.022, 1902.34]","[376.011, 199.959, 2134.14]","[0, 0, 0]"
167,32.7933,2,200,"[343.984, 310.19, 2173.39]","[373.203, 120.904, 2123.54]","[352.862, 119.536, 2296.06]","[352.656, -148.137, 2295.26]","[352.656, -498.78, 2295.26]","[398.844, 123.58, 1970.28]","[278.079, -96.6802, 1884.23]","[-9.93732, -185.612, 1905.75]","[364.719, -115.624, 2091.58]","[363.608, -308.845, 2065.24]","[267.4, -446.712, 2063.71]","[387.102, -732.689, 1816.35]","[391.688, -1098.66, 1809.88]","[463.403, -425.052, 2017.21]","[338.482, -735.504, 1803.99]","[337.943, -1108.61, 1804.94]","[352.656, -399.667, 2295.26]","[38.0656, -170.79, 1902.16]","[376.044, 200.117, 2134.24]","[0, 0, 0]"
168,32.8347,2,200,"[343.982, 310.194, 2173.39]","[373.212, 121.095, 2123.6]","[352.549, 112.578, 2292.73]","[352.365, -157.616, 2290.36]","[352.365, -506.441, 2290.36]","[398.885, 123.349, 1970.25]","[279.984, -98.1088, 1884.66]","[-5.0576, -192.743, 1905.47]","[364.65, -115.413, 2091.49]","[363.579, -309.437, 2065.12]","[266.548, -446.07, 2063.73]","[371.528, -743.494, 1821.05]","[352.624, -1131.93, 1836.06]","[464.305, -424.893, 2018.31]","[337.707, -734.62, 1805.01]","[337.179, -1107.02, 1805.52]","[352.365, -407.326, 2290.36]","[42.4493, -176.97, 1902.01]","[376.08, 200.301, 2134.36]","[0, 0, 0]"
169,32.8677,2,200,"[343.981, 310.197, 2173.39]","[373.235, 121.28, 2123.72]","[352.308, 106.094, 2289.38]","[352.189, -163.316, 2287.24]","[352.189, -510.687, 2287.24]","[398.96, 122.749, 1970.38]","[279.771, -98.8974, 1885.66]","[-3.43344, -194.041, 1905.38]","[364.613, -115.225, 2091.57]","[363.56, -310.232, 2065.02]","[265.995, -445.808, 2063.73]","[374.927, -739.298, 1817.17]","[377.439, -1110.31, 1818.63]","[464.931, -424.913, 2019.0]","[338.045, -734.193, 1805.21]","[338.512, -1107.17, 1805.05]","[352.189, -411.571, 2287.24]","[43.7672, -178.184, 1902.09]","[376.123, 200.485, 2134.48]","[0, 0, 0]"
170,32.8942,2,200,"[343.981, 310.195, 2173.38]","[373.266, 121.458, 2123.86]","[352.091, 101.173, 2286.74]","[351.985, -166.795, 2285.34]","[351.985, -513.005, 2285.34]","[399.048, 121.956, 1970.6]","[279.458, -99.8858, 1886.94]","[-2.32925, -194.114, 1906.02]","[364.595, -115.055, 2091.75]","[363.549, -311.084, 2064.93]","[265.547, -445.636, 2063.76]","[379.17, -738.619, 1819.21]","[382.111, -1112.58, 1823.9]","[465.442, -425.012, 2019.59]","[338.297, -733.875, 1805.34]","[338.552, -1106.98, 1805.25]","[351.985, -413.887, 2285.34]","[44.6351, -178.41, 1902.84]","[376.169, 200.666, 2134.61]","[0, 0, 0]"
171,32.9153,2,200,"[343.973, 310.223, 2173.39]","[373.301, 121.663, 2124.1]","[351.964, 99.1956, 2285.86]","[351.928, -166.441, 2285.92]","[351.928, -514.61, 2285.92]","[399.283, 121.11, 1970.91]","[279.274, -100.997, 1888.55]","[-3.9187, -192.284, 1907.35]","[364.587, -114.896, 2092.32]","[363.541, -311.923, 2064.98]","[265.193, -445.55, 2063.85]","[381.297, -746.341, 1831.43]","[382.123, -1126.96, 1842.99]","[465.936, -425.172, 2020.35]","[338.339, -733.28, 1805.28]","[338.357, -1106.15, 1805.1]","[351.928, -415.49, 2285.92]","[43.2802, -177.069, 1904.22]","[376.219, 200.886, 2134.75]","[0, 0, 0]"
172,33.1323,2,200,"[343.97, 310.267, 2173.41]","[373.341, 121.885, 2124.43]","[351.868, 98.6702, 2285.8]","[351.841, -166.251, 2286.28]","[351.841, -513.101, 2286.28]","[399.715, 120.301, 1971.32]","[279.246, -102.093, 1890.41]","[-6.60684, -182.246, 1908.53]","[364.595, -114.749, 2093.2]","[363.538, -312.683, 2065.14]","[264.902, -445.536, 2063.99]","[381.576, -759.893, 1852.12]","[380.94, -1144.02, 1868.53]","[466.417, -425.332, 2021.19]","[338.549, -732.955, 1805.57]","[338.713, -1106.1, 1805.77]","[351.841, -413.98, 2286.28]","[41.0354, -168.887, 1905.51]","[376.27, 201.134, 2134.89]","[0, 0, 0]"
173,32.9058,2,200,"[343.976, 310.302, 2173.42]","[373.386, 122.101, 2124.82]","[351.795, 98.9017, 2286.15]","[351.773, -165.849, 2286.72]","[351.773, -513.308, 2286.72]","[400.304, 119.541, 1971.8]","[279.426, -103.134, 1892.26]","[-9.79127, -170.996, 1908.39]","[364.616, -114.633, 2094.33]","[363.539, -313.349, 2065.46]","[264.614, -445.494, 2064.25]","[381.334, -756.802, 1847.82]","[380.689, -1125.08, 1840.49]","[466.903, -425.449, 2022.18]","[338.369, -732.291, 1805.84]","[338.177, -1105.13, 1806.0]","[351.773, -414.184, 2286.72]","[38.4121, -159.686, 1905.7]","[376.323, 201.382, 2135.04]","[0, 0, 0]"
174,32.9247,2,200,"[344.001, 310.281, 2173.41]","[373.431, 122.251, 2125.22]","[351.729, 99.454, 2286.63]","[351.705, -165.373, 2287.12]","[351.705, -515.246, 2287.12]","[400.905, 118.784, 1972.28]","[279.766, -103.797, 1892.84]","[-12.9271, -164.62, 1908.12]","[364.639, -114.604, 2095.65]","[363.542, -314.011, 2066.29]","[264.271, -445.37, 2064.8]","[382.228, -759.441, 1852.92]","[382.809, -1134.25, 1856.08]","[467.179, -425.47, 2023.11]","[338.112, -731.786, 1806.32]","[337.901, -1104.81, 1806.66]","[351.705, -416.121, 2287.12]","[35.8553, -154.484, 1905.57]","[376.376, 201.573, 2135.13]","[0, 0, 0]"
175,32.9397,2,200,"[344.055, 310.166, 2173.37]","[373.474, 122.263, 2125.65]","[351.666, 100.056, 2287.12]","[351.638, -164.953, 2287.5]","[351.638, -513.171, 2287.5]","[401.509, 118.056, 1972.69]","[279.609, -103.954, 1892.81]","[-13.7817, -161.189, 1907.72]","[364.659, -114.736, 2097.22]","[363.544, -314.719, 2067.46]","[263.877, -445.156, 2065.48]","[376.77, -745.389, 1833.18]","[371.926, -1106.08, 1815.04]","[467.308, -425.389, 2023.92]","[337.83, -731.394, 1806.92]","[337.631, -1104.52, 1807.32]","[351.638, -414.044, 2287.5]","[35.1169, -151.65, 1905.23]","[376.425, 201.633, 2135.17]","[0, 0, 0]"
176,32.9518,2,200,"[344.114, 310.035, 2173.32]","[373.514, 122.205, 2126.22]","[351.602, 100.652, 2287.55]","[351.57, -164.484, 2287.83]","[351.57, -511.381, 2287.83]","[402.074, 117.391, 1973.08]","[279.152, -103.8, 1892.48]","[-13.5112, -159.775, 1907.09]","[364.676, -114.989, 2099.44]","[363.544, -315.417, 2069.09]","[263.515, -444.917, 2066.66]","[375.882, -732.964, 1818.94]","[375.795, -1097.44, 1809.06]","[467.227, -425.302, 2024.56]","[337.601, -731.304, 1807.63]","[337.468, -1104.67, 1808.09]","[351.57, -412.252, 2287.83]","[35.266, -150.446, 1904.66]","[376.474, 201.64, 2135.18]","[0, 0, 0]"
177,32.9614,2,200,"[344.169, 309.917, 2173.28]","[373.552, 122.123, 2126.89]","[351.535, 101.221, 2287.91]","[351.498, -163.999, 2288.1]","[351.498, -509.841, 2288.1]","[402.554, 116.755, 1973.48]","[278.566, -103.566, 1892.12]","[-11.84, -164.115, 1906.87]","[364.692, -115.29, 2102.1]","[363.545, -316.1, 2071.29]","[263.217, -444.708, 2068.68]","[383.489, -726.584, 1816.97]","[390.458, -1097.12, 1818.51]","[466.865, -425.143, 2025.01]","[338.157, -731.893, 1808.58]","[338.696, -1105.79, 1809.21]","[351.498, -410.709, 2288.1]","[36.561, -154.023, 1904.42]","[376.52, 201.632, 2135.18]","[0, 0, 0]"
178,32.9691,2,200,"[344.219, 309.819, 2173.25]","[373.595, 122.054, 2127.45]","[351.481, 101.738, 2288.19]","[351.455, -163.558, 2288.32]","[351.455, -508.557, 2288.32]","[403.077, 116.126, 1973.92]","[277.919, -103.259, 1891.81]","[-7.8896, -177.034, 1906.83]","[364.71, -115.537, 2104.36]","[363.546, -316.756, 2074.0]","[263.068, -444.7, 2071.72]","[396.883, -720.583, 1820.06]","[407.468, -1091.03, 1824.58]","[465.848, -424.791, 2024.51]","[339.653, -734.311, 1810.57]","[340.878, -1109.66, 1812.05]","[351.455, -409.423, 2288.32]","[39.7453, -164.738, 1904.33]","[376.57, 201.622, 2135.18]","[0, 0, 0]"
179,32.9753,2,200,"[344.288, 309.744, 2173.22]","[373.648, 122.018, 2127.69]","[351.476, 101.756, 2288.15]","[351.489, -163.974, 2288.03]","[351.489, -508.3, 2288.03]","[403.749, 115.451, 1974.41]","[277.616, -103.194, 1891.79]","[-2.81951, -191.678, 1906.9]","[364.739, -115.65, 2105.31]","[363.55, -317.233, 2076.01]","[262.989, -444.915, 2073.2]","[406.152, -716.016, 1821.21]","[411.649, -1087.46, 1822.66]","[464.781, -424.509, 2023.65]","[343.068, -739.074, 1814.61]","[345.74, -1116.1, 1817.65]","[351.489, -409.164, 2288.03]","[43.9198, -176.93, 1904.38]","[376.632, 201.612, 2135.18]","[0, 0, 0]"
180,32.9802,2,200,"[344.346, 309.689, 2173.2]","[373.69, 122.004, 2127.74]","[351.083, 101.822, 2288.1]","[350.759, -163.803, 2288.01]","[350.759, -507.593, 2288.01]","[404.065, 114.766, 1974.85]","[278.034, -103.744, 1891.69]","[2.02458, -203.259, 1907.12]","[364.764, -115.685, 2105.53]","[363.554, -317.505, 2077.31]","[263.066, -445.369, 2073.84]","[410.929, -711.692, 1819.29]","[412.432, -1083.03, 1817.73]","[463.86, -424.464, 2022.83]","[344.524, -740.541, 1814.6]","[345.136, -1114.24, 1813.78]","[350.759, -408.455, 2288.01]","[48.0263, -186.673, 1904.55]","[376.679, 201.606, 2135.18]","[0, 0, 0]"
181,32.9842,2,200,"[344.385, 309.648, 2173.18]","[373.717, 122.0, 2127.74]","[349.471, 101.943, 2287.89]","[348.162, -163.613, 2287.7]","[348.162, -506.976, 2287.7]","[404.18, 113.86, 1975.35]","[279.275, -105.019, 1891.46]","[5.44036, -209.067, 1907.5]","[364.784, -115.695, 2105.54]","[363.558, -317.64, 2078.41]","[263.211, -445.902, 2074.19]","[410.111, -715.027, 1822.04]","[407.429, -1092.7, 1824.7]","[463.215, -424.58, 2022.67]","[344.456, -740.129, 1813.26]","[343.873, -1112.47, 1811.72]","[348.162, -407.835, 2287.7]","[51.0793, -191.726, 1904.82]","[376.708, 201.604, 2135.17]","[0, 0, 0]"
182,32.9874,2,200,"[344.411, 309.619, 2173.16]","[373.733, 122.0, 2127.73]","[346.677, 102.158, 2287.55]","[344.566, -163.32, 2287.28]","[344.566, -506.344, 2287.28]","[404.295, 113.325, 1975.6]","[283.061, -107.321, 1891.01]","[9.55948, -210.839, 1908.19]","[364.8, -115.697, 2105.49]","[363.562, -317.664, 2079.14]","[263.185, -446.102, 2074.44]","[410.051, -714.759, 1821.76]","[409.139, -1088.13, 1821.27]","[462.934, -424.636, 2022.85]","[342.971, -737.35, 1809.92]","[341.459, -1108.09, 1807.07]","[344.566, -407.2, 2287.28]","[55.1429, -193.586, 1905.32]","[376.724, 201.604, 2135.17]","[0, 0, 0]"
183,32.9899,2,200,"[344.428, 309.597, 2173.15]","[373.741, 122.002, 2127.71]","[341.662, 102.591, 2286.89]","[337.937, -162.718, 2286.38]","[337.937, -506.028, 2286.38]","[404.427, 112.965, 1975.66]","[291.254, -111.398, 1889.95]","[16.767, -211.44, 1910.57]","[364.812, -115.697, 2105.43]","[363.565, -317.617, 2079.55]","[263.077, -446.127, 2074.5]","[404.987, -735.257, 1844.33]","[400.051, -1126.48, 1863.47]","[462.802, -424.683, 2022.95]","[341.747, -735.3, 1807.54]","[340.8, -1107.21, 1806.01]","[337.937, -406.882, 2286.38]","[62.5144, -194.765, 1907.13]","[376.731, 201.606, 2135.17]","[0, 0, 0]"
184,33.1919,2,200,"[344.437, 309.579, 2173.14]","[373.746, 122.002, 2127.7]","[337.756, 102.895, 2286.4]","[335.44, -162.569, 2286.12]","[335.44, -505.554, 2286.12]","[404.548, 112.567, 1975.66]","[304.572, -117.053, 1887.99]","[28.9212, -212.674, 1910.97]","[364.823, -115.699, 2105.38]","[363.568, -317.536, 2079.74]","[262.596, -445.51, 2074.5]","[392.247, -752.45, 1860.63]","[381.8, -1137.6, 1871.14]","[462.792, -424.683, 2022.99]","[462.878, -821.618, 2023.04]","[462.878, -1195.0, 2023.04]","[335.44, -406.405, 2286.12]","[74.8627, -196.736, 1907.14]","[376.734, 201.608, 2135.17]","[0, 0, 0]"
185,32.9535,2,200,"[344.442, 309.565, 2173.12]","[373.746, 122.002, 2127.69]","[333.694, 103.257, 2285.82]","[331.313, -162.165, 2285.47]","[331.313, -504.892, 2285.47]","[404.644, 112.177, 1975.64]","[318.872, -122.349, 1885.94]","[43.4811, -218.734, 1904.74]","[364.829, -115.705, 2105.36]","[363.571, -317.44, 2079.81]","[261.737, -444.217, 2074.5]","[395.319, -735.926, 1843.03]","[399.94, -1091.44, 1823.96]","[462.844, -424.673, 2023.02]","[462.937, -821.615, 2023.04]","[462.937, -1195.01, 2023.04]","[331.313, -405.741, 2285.47]","[89.3796, -202.668, 1901.61]","[376.732, 201.609, 2135.17]","[0, 0, 0]"
186,32.7628,2,200,"[344.444, 309.553, 2173.11]","[373.745, 122.0, 2127.69]","[332.57, 103.254, 2285.8]","[332.746, -162.494, 2285.93]","[332.746, -505.018, 2285.93]","[404.682, 111.897, 1975.56]","[333.862, -127.005, 1884.14]","[59.204, -225.541, 1889.48]","[364.837, -115.714, 2105.36]","[363.573, -317.309, 2079.84]","[261.348, -443.699, 2074.5]","[398.758, -720.598, 1827.23]","[402.216, -1081.5, 1814.34]","[462.478, -425.959, 2023.25]","[462.182, -824.02, 2023.44]","[462.182, -1197.43, 2023.44]","[332.746, -405.863, 2285.93]","[104.981, -209.114, 1888.59]","[376.728, 201.61, 2135.17]","[0, 0, 0]"
187,32.8103,2,200,"[344.445, 309.543, 2173.1]","[373.743, 121.997, 2127.7]","[332.159, 103.142, 2285.87]","[332.538, -162.659, 2286.01]","[332.538, -505.022, 2286.01]","[404.689, 111.683, 1975.44]","[356.867, -132.223, 1883.08]","[83.4096, -233.123, 1875.28]","[364.847, -115.725, 2105.38]","[363.577, -317.137, 2079.85]","[261.196, -443.565, 2074.48]","[401.0, -714.247, 1820.68]","[402.712, -1084.72, 1817.71]","[461.688, -428.33, 2023.65]","[461.078, -827.137, 2023.95]","[461.078, -1200.56, 2023.95]","[332.538, -405.864, 2286.01]","[128.986, -216.302, 1876.58]","[376.723, 201.61, 2135.17]","[0, 0, 0]"
188,32.6482,2,200,"[344.443, 309.536, 2173.09]","[373.741, 121.994, 2127.71]","[331.998, 102.984, 2285.96]","[332.282, -162.823, 2286.06]","[332.282, -509.752, 2286.06]","[404.694, 111.486, 1975.33]","[382.487, -137.299, 1886.64]","[106.513, -239.911, 1873.61]","[364.858, -115.738, 2105.41]","[363.581, -316.924, 2079.88]","[262.328, -443.329, 2074.37]","[398.811, -721.296, 1826.41]","[396.497, -1102.93, 1833.56]","[458.978, -432.389, 2024.94]","[456.815, -832.396, 2025.96]","[456.815, -1205.83, 2025.96]","[332.282, -410.591, 2286.06]","[152.509, -222.807, 1875.78]","[376.715, 201.61, 2135.17]","[0, 0, 0]"
189,32.7186,2,200,"[343.672, 309.472, 2173.06]","[373.338, 121.987, 2127.71]","[331.73, 102.63, 2286.02]","[331.735, -163.324, 2286.08]","[331.735, -509.216, 2286.08]","[404.694, 111.318, 1975.29]","[404.418, -140.602, 1891.72]","[130.64, -251.085, 1875.47]","[364.776, -115.766, 2105.43]","[363.55, -316.715, 2079.87]","[264.026, -443.145, 2074.14]","[394.28, -737.675, 1843.29]","[390.414, -1125.24, 1857.94]","[456.317, -434.971, 2026.14]","[454.521, -833.354, 2026.94]","[454.521, -1206.8, 2026.94]","[331.735, -410.052, 2286.08]","[176.269, -232.671, 1878.18]","[376.206, 201.61, 2135.17]","[0, 0, 0]"
190,32.7749,2,200,"[342.348, 309.388, 2173.03]","[372.62, 121.978, 2127.72]","[331.353, 102.191, 2286.12]","[331.188, -163.804, 2286.19]","[331.188, -512.605, 2286.19]","[404.705, 111.175, 1975.32]","[424.686, -141.008, 1893.79]","[163.164, -279.744, 1872.68]","[364.619, -115.803, 2105.45]","[363.493, -316.538, 2079.85]","[266.027, -443.445, 2074.0]","[399.825, -727.318, 1832.01]","[405.171, -1089.63, 1820.06]","[453.397, -437.728, 2027.36]","[334.622, -739.53, 1805.61]","[328.787, -1117.02, 1804.57]","[331.188, -413.438, 2286.19]","[206.748, -256.617, 1876.2]","[375.3, 201.61, 2135.17]","[0, 0, 0]"
191,32.6199,2,200,"[340.209, 309.479, 2173.06]","[370.647, 121.968, 2127.64]","[328.103, 101.896, 2285.92]","[325.468, -163.95, 2285.74]","[325.468, -511.344, 2285.74]","[404.715, 111.105, 1975.62]","[440.832, -139.971, 1895.24]","[212.918, -322.874, 1862.13]","[364.11, -115.841, 2105.14]","[363.337, -316.367, 2079.35]","[264.914, -436.745, 2074.03]","[380.112, -744.478, 1854.6]","[362.37, -1133.06, 1874.34]","[455.093, -428.549, 2026.27]","[333.418, -737.197, 1811.54]","[333.547, -1108.24, 1817.16]","[325.468, -412.174, 2285.74]","[250.882, -292.364, 1867.65]","[372.837, 201.609, 2135.17]","[0, 0, 0]"
192,32.6959,2,200,"[336.917, 309.475, 2173.06]","[368.047, 121.963, 2127.51]","[323.835, 101.607, 2285.75]","[320.746, -164.247, 2285.62]","[320.746, -510.519, 2285.62]","[407.385, 110.954, 1976.77]","[453.458, -141.003, 1904.3]","[257.334, -352.146, 1845.56]","[363.474, -115.86, 2104.63]","[363.114, -316.191, 2078.27]","[263.54, -426.132, 2073.24]","[359.268, -757.882, 1881.55]","[343.804, -1140.42, 1901.42]","[452.6, -425.725, 2027.17]","[334.673, -738.92, 1814.66]","[336.502, -1114.01, 1816.73]","[320.746, -411.345, 2285.62]","[289.974, -316.917, 1855.35]","[369.579, 201.609, 2135.17]","[0, 0, 0]"
193,32.7567,2,200,"[332.871, 309.255, 2172.98]","[365.489, 121.888, 2127.49]","[323.093, 102.669, 2287.38]","[323.361, -162.047, 2288.8]","[323.361, -507.422, 2288.8]","[413.39, 109.705, 1979.91]","[458.228, -145.23, 1918.59]","[305.791, -378.876, 1828.33]","[362.886, -117.323, 2104.42]","[362.899, -317.416, 2076.48]","[260.91, -407.241, 2072.95]","[371.563, -722.612, 1863.07]","[386.107, -1063.5, 1841.82]","[452.002, -414.21, 2027.05]","[336.678, -731.757, 1818.55]","[338.581, -1098.94, 1821.12]","[323.361, -408.245, 2288.8]","[331.121, -339.904, 1843.37]","[366.359, 201.545, 2135.17]","[0, 0, 0]"
194,32.6054,2,200,"[329.075, 308.973, 2172.88]","[363.356, 121.709, 2127.91]","[324.368, 105.051, 2289.89]","[326.012, -158.747, 2291.81]","[326.012, -503.409, 2291.81]","[419.14, 107.784, 1983.91]","[459.492, -149.08, 1928.09]","[349.185, -398.429, 1817.73]","[362.486, -118.18, 2106.06]","[362.758, -318.158, 2075.0]","[263.244, -398.99, 2074.51]","[383.475, -676.197, 1824.21]","[393.351, -1014.71, 1791.11]","[450.316, -404.361, 2027.4]","[335.567, -718.906, 1813.85]","[334.421, -1082.48, 1808.9]","[326.012, -404.229, 2291.81]","[367.536, -356.874, 1836.13]","[363.647, 201.413, 2135.17]","[0, 0, 0]"
195,32.6843,2,200,"[326.31, 308.808, 2172.83]","[361.764, 121.454, 2128.96]","[326.361, 107.351, 2292.03]","[328.149, -156.824, 2293.37]","[328.149, -500.823, 2293.37]","[420.955, 106.534, 1986.23]","[459.257, -150.956, 1932.0]","[388.102, -416.657, 1826.37]","[362.261, -118.367, 2110.3]","[362.668, -317.98, 2074.32]","[267.625, -396.572, 2077.92]","[393.048, -643.73, 1797.95]","[399.508, -998.346, 1781.31]","[448.993, -396.356, 2027.49]","[333.67, -700.988, 1800.77]","[332.112, -1061.73, 1789.84]","[328.149, -401.733, 2293.37]","[400.001, -372.405, 1843.98]","[361.598, 201.247, 2135.17]","[0, 0, 0]"
196,32.7474,2,200,"[324.383, 308.708, 2172.79]","[360.657, 121.191, 2129.97]","[326.784, 108.235, 2292.64]","[326.893, -157.292, 2292.61]","[326.893, -500.858, 2292.61]","[420.34, 105.753, 1987.35]","[458.564, -151.769, 1933.45]","[394.201, -409.667, 1805.91]","[362.103, -119.418, 2114.31]","[362.604, -318.495, 2074.88]","[273.827, -405.678, 2079.18]","[413.848, -639.184, 1791.35]","[429.52, -1017.7, 1792.45]","[444.751, -403.084, 2029.13]","[337.548, -688.277, 1776.13]","[340.997, -1054.77, 1757.19]","[326.893, -401.745, 2292.61]","[404.975, -366.722, 1827.17]","[360.176, 201.058, 2135.17]","[0, 0, 0]"
197,32.998,2,200,"[323.332, 308.724, 2172.8]","[359.87, 120.945, 2130.63]","[325.45, 106.218, 2291.03]","[324.129, -161.643, 2289.29]","[324.129, -504.865, 2289.29]","[418.429, 105.739, 1987.34]","[458.29, -151.72, 1934.56]","[393.725, -405.977, 1800.27]","[361.935, -119.818, 2116.96]","[362.556, -318.463, 2076.74]","[275.053, -415.451, 2079.89]","[419.419, -663.738, 1806.75]","[420.069, -1063.66, 1824.17]","[446.146, -408.095, 2028.66]","[345.738, -706.258, 1788.18]","[352.39, -1099.08, 1803.08]","[324.129, -405.734, 2289.29]","[404.531, -363.629, 1822.65]","[359.184, 200.858, 2135.17]","[0, 0, 0]"
198,32.7984,2,200,"[322.865, 308.78, 2172.82]","[359.433, 120.729, 2130.97]","[323.505, 103.486, 2288.82]","[321.955, -164.495, 2287.0]","[321.955, -507.445, 2287.0]","[417.325, 106.183, 1987.07]","[460.695, -151.085, 1936.4]","[451.078, -419.747, 1833.07]","[361.939, -119.86, 2118.3]","[362.626, -318.504, 2078.58]","[273.182, -421.124, 2080.49]","[410.009, -692.887, 1827.34]","[398.836, -1090.54, 1844.74]","[450.143, -409.447, 2028.85]","[351.931, -720.366, 1803.84]","[355.821, -1105.25, 1817.72]","[321.955, -408.298, 2287.0]","[452.815, -374.992, 1850.29]","[358.6, 200.664, 2135.17]","[0, 0, 0]"
199,32.8387,2,200,"[322.707, 308.857, 2172.85]","[359.348, 120.541, 2131.06]","[322.588, 104.111, 2289.0]","[322.145, -160.673, 2289.5]","[322.145, -503.408, 2289.5]","[417.114, 106.47, 1987.1]","[472.655, -148.825, 1939.61]","[492.159, -424.66, 1851.85]","[362.748, -119.74, 2118.68]","[363.209, -318.845, 2079.32]","[270.637, -419.104, 2081.14]","[392.84, -709.661, 1841.15]","[378.029, -1092.69, 1849.82]","[454.111, -407.37, 2030.65]","[352.076, -721.088, 1810.25]","[350.568, -1092.78, 1813.66]","[322.145, -404.247, 2289.5]","[488.985, -378.697, 1866.48]","[358.216, 200.48, 2135.17]","[0, 0, 0]"
200,32.871,2,200,"[322.685, 308.944, 2172.88]","[359.643, 120.427, 2131.02]","[322.367, 106.098, 2290.1]","[285.028, -139.206, 2219.19]","[279.496, -490.747, 2233.26]","[417.523, 106.651, 1987.35]","[490.412, -144.951, 1944.31]","[518.63, -422.883, 1858.94]","[364.513, -121.515, 2118.46]","[364.247, -321.826, 2079.63]","[269.023, -414.389, 2082.3]","[383.185, -713.396, 1847.47]","[377.52, -1085.22, 1849.27]","[456.468, -405.989, 2033.14]","[351.837, -720.91, 1815.12]","[350.802, -1093.0, 1817.3]","[279.496, -391.574, 2233.26]","[513.951, -376.565, 1873.17]","[358.036, 200.359, 2135.17]","[0, 0, 0]"
201,32.8968,2,200,"[322.704, 309.029, 2172.87]","[360.33, 120.364, 2130.92]","[322.178, 109.957, 2292.22]","[275.412, -140.202, 2219.33]","[267.723, -482.34, 2216.68]","[418.25, 106.754, 1987.73]","[504.527, -143.9, 1949.11]","[530.415, -421.911, 1861.76]","[367.508, -122.877, 2117.99]","[365.607, -322.882, 2080.97]","[268.717, -408.722, 2084.98]","[379.924, -708.922, 1849.63]","[379.871, -1075.71, 1848.76]","[456.837, -405.367, 2036.13]","[352.536, -721.301, 1819.15]","[352.755, -1094.6, 1820.9]","[267.723, -383.158, 2216.68]","[526.102, -375.577, 1876.31]","[357.976, 200.273, 2135.17]","[0, 0, 0]"
202,32.9174,2,200,"[322.708, 309.16, 2172.69]","[361.325, 120.366, 2130.83]","[322.156, 114.438, 2294.56]","[271.634, -131.849, 2201.01]","[270.071, -466.463, 2184.01]","[419.126, 106.809, 1988.2]","[513.865, -143.95, 1954.61]","[534.56, -420.774, 1862.91]","[371.548, -123.054, 2117.61]","[367.188, -322.243, 2083.97]","[270.652, -404.708, 2090.51]","[383.556, -697.769, 1847.3]","[388.464, -1061.1, 1843.65]","[455.792, -404.428, 2040.49]","[352.645, -718.927, 1820.85]","[352.449, -1090.15, 1820.87]","[270.071, -367.271, 2184.01]","[531.108, -374.637, 1878.19]","[357.971, 200.236, 2135.17]","[0, 0, 0]"
203,32.9339,2,200,"[322.688, 309.321, 2172.31]","[362.344, 120.4, 2130.81]","[322.461, 116.71, 2295.74]","[272.732, -118.046, 2171.9]","[274.923, -449.631, 2149.12]","[420.072, 106.854, 1988.72]","[517.699, -145.394, 1958.92]","[534.861, -420.74, 1863.01]","[375.62, -122.85, 2117.53]","[369.073, -321.126, 2087.98]","[274.338, -406.178, 2095.15]","[402.92, -678.414, 1837.4]","[419.588, -1036.93, 1828.5]","[455.202, -404.629, 2044.5]","[352.912, -717.072, 1821.55]","[352.98, -1089.3, 1821.18]","[274.923, -350.431, 2149.12]","[531.996, -374.849, 1878.99]","[357.985, 200.224, 2135.17]","[0, 0, 0]"
204,32.9471,2,200,"[322.668, 309.493, 2171.78]","[363.22, 120.44, 2130.86]","[322.802, 117.466, 2296.1]","[276.302, -103.607, 2145.1]","[279.765, -436.088, 2127.56]","[421.367, 106.961, 1989.34]","[519.119, -146.793, 1962.48]","[533.611, -420.337, 1861.83]","[379.15, -123.22, 2117.71]","[371.678, -322.274, 2090.96]","[278.985, -409.622, 2097.07]","[420.509, -664.273, 1828.12]","[432.725, -1029.38, 1821.43]","[455.99, -405.973, 2047.16]","[352.325, -715.225, 1820.44]","[351.706, -1087.66, 1818.92]","[279.765, -336.881, 2127.56]","[531.192, -374.746, 1878.61]","[358.003, 200.221, 2135.17]","[0, 0, 0]"
205,32.9577,2,200,"[322.657, 309.655, 2171.13]","[363.765, 120.464, 2130.96]","[323.151, 117.346, 2296.03]","[280.182, -93.5022, 2128.19]","[283.214, -430.357, 2120.37]","[423.218, 107.153, 1990.12]","[519.135, -147.271, 1963.45]","[529.451, -419.602, 1859.56]","[381.44, -124.771, 2118.01]","[375.527, -324.683, 2092.46]","[285.995, -414.618, 2097.75]","[434.658, -658.955, 1822.34]","[442.8, -1031.87, 1819.39]","[458.202, -407.841, 2047.26]","[351.631, -714.273, 1818.05]","[351.068, -1087.58, 1815.9]","[283.214, -331.143, 2120.37]","[527.73, -374.213, 1876.87]","[358.017, 200.219, 2135.17]","[0, 0, 0]"
206,32.9662,2,200,"[322.656, 309.796, 2170.43]","[364.053, 120.472, 2131.06]","[323.311, 116.806, 2295.82]","[283.074, -89.1504, 2121.49]","[284.868, -430.635, 2121.55]","[426.929, 107.633, 1991.52]","[518.242, -147.224, 1962.47]","[508.405, -416.476, 1852.57]","[382.753, -127.008, 2118.28]","[379.024, -327.588, 2092.99]","[290.097, -415.255, 2098.61]","[438.369, -658.162, 1821.28]","[437.541, -1033.83, 1822.21]","[460.732, -408.261, 2045.87]","[350.196, -709.839, 1812.18]","[349.092, -1080.12, 1807.46]","[284.868, -331.414, 2121.55]","[510.049, -371.601, 1870.88]","[358.026, 200.216, 2135.17]","[0, 0, 0]"
207,32.9729,2,200,"[322.714, 309.935, 2169.64]","[364.24, 120.474, 2131.13]","[323.319, 116.071, 2295.69]","[284.464, -89.6172, 2122.3]","[284.899, -434.276, 2126.83]","[432.44, 108.452, 1993.51]","[511.432, -148.533, 1960.06]","[474.899, -412.585, 1844.64]","[383.631, -128.799, 2118.48]","[380.195, -329.812, 2092.62]","[287.099, -402.663, 2100.39]","[435.183, -650.426, 1827.26]","[429.896, -1018.92, 1833.42]","[461.526, -402.663, 2043.52]","[352.92, -706.647, 1812.01]","[355.51, -1078.46, 1812.88]","[284.899, -335.049, 2126.83]","[480.995, -368.577, 1863.88]","[358.035, 200.212, 2135.17]","[0, 0, 0]"
208,32.9784,2,200,"[324.195, 310.31, 2168.83]","[364.634, 120.469, 2131.17]","[323.308, 115.312, 2295.64]","[284.925, -93.0813, 2127.49]","[284.735, -442.082, 2133.7]","[439.399, 109.47, 1996.06]","[499.846, -150.398, 1957.54]","[447.101, -410.529, 1833.65]","[384.283, -129.278, 2118.65]","[379.096, -330.043, 2091.46]","[283.885, -387.619, 2102.28]","[432.159, -642.102, 1835.6]","[428.755, -1010.53, 1842.34]","[460.312, -389.139, 2040.17]","[359.777, -701.595, 1816.7]","[365.375, -1071.87, 1821.23]","[284.735, -342.848, 2133.7]","[455.897, -367.174, 1854.29]","[358.358, 200.207, 2135.17]","[0, 0, 0]"
209,32.7827,2,200,"[328.223, 310.802, 2168.01]","[366.203, 120.432, 2131.21]","[323.304, 114.528, 2295.29]","[283.988, -98.205, 2134.85]","[282.821, -447.012, 2141.25]","[445.375, 109.62, 1997.72]","[489.69, -152.289, 1956.28]","[423.598, -407.482, 1826.2]","[384.713, -128.448, 2118.85]","[376.056, -327.889, 2089.85]","[282.593, -376.72, 2104.33]","[432.492, -635.819, 1843.05]","[432.827, -1006.35, 1848.0]","[454.466, -378.797, 2038.12]","[364.962, -697.441, 1818.72]","[368.237, -1068.83, 1820.01]","[282.821, -347.773, 2141.25]","[434.613, -364.95, 1847.88]","[360.27, 200.201, 2135.17]","[0, 0, 0]"
210,32.8261,2,200,"[334.824, 311.305, 2167.16]","[369.089, 120.361, 2131.28]","[323.531, 114.122, 2294.49]","[281.884, -106.135, 2147.13]","[280.024, -459.235, 2156.57]","[451.663, 108.651, 1999.57]","[487.078, -153.592, 1954.24]","[396.697, -405.473, 1828.61]","[384.775, -127.121, 2119.22]","[373.22, -324.955, 2088.92]","[282.819, -373.261, 2106.65]","[443.482, -632.146, 1851.81]","[452.878, -1004.78, 1857.48]","[448.551, -375.898, 2038.32]","[367.464, -695.121, 1816.28]","[368.256, -1068.11, 1813.7]","[280.024, -359.989, 2156.57]","[411.748, -363.491, 1849.55]","[364.034, 200.194, 2135.17]","[0, 0, 0]"
211,32.8609,2,200,"[341.877, 311.549, 2166.24]","[372.739, 120.279, 2131.4]","[324.02, 114.078, 2292.98]","[279.475, -116.434, 2165.25]","[277.675, -469.793, 2178.36]","[457.744, 106.264, 2002.36]","[486.776, -155.427, 1951.91]","[370.291, -400.819, 1834.91]","[384.566, -126.031, 2119.75]","[371.951, -322.849, 2088.96]","[283.172, -375.83, 2107.77]","[451.461, -636.82, 1860.05]","[456.638, -1016.17, 1864.87]","[445.007, -379.549, 2039.29]","[370.146, -703.207, 1821.39]","[371.401, -1084.85, 1825.84]","[277.675, -370.541, 2178.36]","[389.684, -359.915, 1854.41]","[368.908, 200.186, 2135.17]","[0, 0, 0]"
212,33.0887,2,200,"[347.318, 311.389, 2165.24]","[376.529, 120.207, 2131.55]","[324.71, 114.278, 2290.87]","[276.9, -126.958, 2188.0]","[275.165, -478.963, 2203.56]","[463.285, 103.772, 2005.55]","[485.116, -157.234, 1950.26]","[346.418, -394.112, 1840.53]","[384.247, -125.676, 2120.37]","[371.669, -322.329, 2089.45]","[282.504, -382.218, 2105.11]","[453.61, -644.816, 1863.98]","[453.437, -1025.53, 1865.03]","[442.632, -388.556, 2040.66]","[374.28, -717.036, 1831.48]","[376.9, -1101.97, 1839.38]","[275.165, -379.705, 2203.56]","[369.519, -354.627, 1858.82]","[374.021, 200.177, 2135.18]","[0, 0, 0]"
213,32.671,2,200,"[350.631, 310.932, 2164.22]","[379.961, 120.154, 2131.75]","[325.37, 114.378, 2288.32]","[274.788, -134.419, 2206.51]","[273.619, -482.707, 2217.01]","[468.071, 101.969, 2008.65]","[482.616, -158.326, 1949.39]","[325.165, -385.652, 1845.91]","[383.95, -126.284, 2121.09]","[371.924, -323.498, 2088.57]","[282.961, -393.6, 2088.34]","[399.781, -638.858, 1809.43]","[354.672, -1005.86, 1761.24]","[441.905, -400.82, 2041.38]","[377.627, -727.671, 1829.38]","[379.401, -1108.11, 1825.75]","[273.619, -383.443, 2217.01]","[351.4, -347.76, 1863.15]","[378.663, 200.168, 2135.21]","[0, 0, 0]"
214,32.7368,2,200,"[352.451, 310.284, 2163.41]","[383.14, 120.122, 2131.95]","[325.583, 113.693, 2285.07]","[271.926, -142.156, 2220.92]","[270.127, -495.128, 2227.86]","[473.333, 101.377, 2011.73]","[480.609, -160.345, 1948.93]","[311.575, -383.027, 1845.8]","[383.809, -127.525, 2121.57]","[373.176, -325.589, 2084.67]","[285.439, -401.905, 2067.17]","[401.858, -685.658, 1831.8]","[410.837, -1100.71, 1858.04]","[448.087, -404.899, 2038.75]","[395.828, -740.029, 1838.48]","[410.415, -1121.67, 1845.63]","[270.127, -395.858, 2227.86]","[339.75, -345.914, 1862.99]","[382.918, 200.16, 2135.31]","[0, 0, 0]"
215,33.1894,2,200,"[353.366, 309.614, 2162.86]","[386.32, 120.106, 2132.06]","[324.619, 111.324, 2280.38]","[323.685, -160.519, 2277.18]","[323.685, -508.033, 2277.18]","[476.941, 101.548, 2013.4]","[479.667, -160.421, 1948.91]","[302.037, -373.228, 1838.77]","[385.387, -127.751, 2121.6]","[377.816, -323.621, 2077.23]","[281.103, -367.291, 2056.39]","[415.925, -637.386, 1808.49]","[430.718, -964.373, 1788.91]","[463.054, -376.835, 2034.74]","[410.437, -722.204, 1849.74]","[419.738, -1077.48, 1857.7]","[323.685, -408.756, 2277.18]","[331.649, -337.765, 1857.13]","[386.618, 200.153, 2135.43]","[0, 0, 0]"
216,32.7515,2,200,"[353.919, 308.895, 2162.5]","[390.731, 120.105, 2132.03]","[328.322, 108.853, 2277.65]","[331.557, -162.009, 2276.4]","[331.557, -508.46, 2276.4]","[480.396, 102.178, 2014.37]","[479.367, -159.353, 1948.9]","[301.872, -367.511, 1831.6]","[391.742, -125.124, 2121.22]","[390.729, -316.287, 2063.93]","[305.65, -349.748, 2053.1]","[462.551, -533.316, 1755.97]","[499.346, -825.904, 1714.82]","[476.377, -343.526, 2035.89]","[377.752, -562.915, 1762.16]","[347.503, -812.15, 1685.1]","[331.557, -409.177, 2276.4]","[331.456, -332.821, 1851.15]","[390.392, 200.145, 2135.56]","[0, 0, 0]"
217,32.8012,2,200,"[354.427, 308.133, 2162.21]","[396.599, 120.146, 2131.85]","[346.88, 110.993, 2282.45]","[362.253, -155.155, 2287.47]","[362.253, -500.76, 2287.47]","[480.302, 101.829, 2013.47]","[480.612, -159.333, 1948.65]","[297.517, -360.447, 1830.23]","[402.872, -123.071, 2120.21]","[412.671, -303.871, 2041.15]","[346.035, -326.221, 2064.39]","[457.407, -422.117, 1713.55]","[446.464, -720.315, 1686.94]","[491.068, -297.462, 2027.44]","[338.8, -527.015, 1767.46]","[307.883, -893.09, 1783.66]","[362.253, -401.47, 2287.47]","[328.033, -326.929, 1849.97]","[394.523, 200.135, 2135.69]","[0, 0, 0]"
218,33.041,2,200,"[356.647, 306.747, 2162.19]","[404.949, 119.912, 2131.03]","[373.242, 113.349, 2287.0]","[392.772, -152.726, 2290.64]","[392.772, -497.66, 2290.64]","[478.475, 100.725, 2011.08]","[483.382, -160.314, 1948.57]","[288.61, -348.949, 1831.41]","[419.077, -121.539, 2116.94]","[435.705, -291.034, 2018.22]","[340.771, -250.203, 2078.51]","[476.158, -402.76, 1754.76]","[489.786, -783.757, 1800.83]","[503.638, -251.222, 2006.78]","[340.043, -545.369, 1849.64]","[347.645, -952.538, 1924.65]","[392.772, -398.364, 2290.64]","[321.07, -317.508, 1850.93]","[400.27, 199.73, 2135.69]","[0, 0, 0]"
219,32.8328,2,200,"[363.221, 304.061, 2162.49]","[415.919, 118.29, 2128.78]","[391.594, 104.297, 2283.07]","[401.796, -171.413, 2278.92]","[401.796, -515.815, 2278.92]","[477.31, 100.082, 2006.84]","[487.713, -161.295, 1948.96]","[277.758, -334.05, 1836.52]","[439.931, -121.014, 2108.33]","[450.993, -288.214, 2004.86]","[347.616, -226.262, 2061.42]","[350.306, -617.442, 2044.53]","[350.306, -991.411, 2044.53]","[509.307, -236.042, 1987.38]","[510.423, -632.042, 1974.56]","[510.423, -1006.01, 1974.56]","[401.796, -416.512, 2278.92]","[312.745, -305.251, 1855.26]","[407.96, 197.669, 2135.56]","[0, 0, 0]"
220,32.8662,2,200,"[375.607, 300.774, 2163.26]","[428.82, 115.995, 2125.17]","[410.396, 87.2118, 2271.83]","[420.927, -193.432, 2262.45]","[420.927, -537.413, 2262.45]","[477.52, 102.035, 2000.23]","[495.91, -160.068, 1950.54]","[270.227, -317.02, 1847.77]","[462.987, -120.398, 2094.78]","[463.173, -290.62, 1997.23]","[384.648, -243.244, 1991.31]","[384.648, -640.631, 1991.31]","[384.648, -1014.63, 1991.31]","[508.281, -243.981, 1966.2]","[504.813, -655.808, 1952.86]","[504.813, -1029.8, 1952.86]","[420.927, -438.103, 2262.45]","[307.831, -290.85, 1864.9]","[417.481, 194.589, 2135.27]","[0, 0, 0]"
221,33.093,2,200,"[393.064, 298.311, 2164.9]","[444.543, 114.021, 2120.43]","[422.513, 71.9091, 2260.7]","[427.381, -205.099, 2252.96]","[427.381, -548.749, 2252.96]","[482.444, 106.21, 1993.59]","[508.144, -156.415, 1952.1]","[267.359, -298.134, 1863.8]","[514.186, -114.302, 2064.43]","[500.838, -292.96, 1985.62]","[402.736, -243.471, 1990.47]","[402.736, -640.926, 1990.47]","[402.736, -1014.95, 1990.47]","[498.381, -284.125, 1928.72]","[498.381, -681.581, 1928.72]","[498.381, -1055.6, 1928.72]","[427.381, -449.432, 2252.96]","[307.479, -274.5, 1878.52]","[428.151, 190.944, 2134.92]","[0, 0, 0]"
222,32.8744,2,200,"[405.516, 297.006, 2166.19]","[452.139, 113.082, 2118.07]","[431.081, 59.7331, 2249.74]","[433.913, -213.772, 2242.91]","[433.913, -561.977, 2242.91]","[490.666, 115.245, 1989.18]","[524.338, -147.097, 1952.88]","[267.734, -277.123, 1883.75]","[514.129, -114.082, 2064.48]","[500.923, -292.487, 1985.86]","[403.64, -243.272, 1990.71]","[403.64, -640.789, 1990.71]","[403.64, -1014.84, 1990.71]","[498.449, -283.571, 1929.5]","[498.449, -681.088, 1929.5]","[498.449, -1055.14, 1929.5]","[433.913, -462.652, 2242.91]","[310.49, -255.441, 1895.27]","[434.917, 188.461, 2134.67]","[0, 0, 0]"
223,32.8995,2,200,"[0.0, 0.0, 0.0]","[0.0, 0.0, 0.0]","[0.0, 0.0, 0.0]","[0.0, 0.0, 0.0]","[0.0, 0.0, 0.0]","[0.0, 0.0, 0.0]","[0.0, 0.0, 0.0]","[0.0, 0.0, 0.0]","[0.0, 0.0, 0.0]","[0.0, 0.0, 0.0]","[0.0, 0.0, 0.0]","[0.0, 0.0, 0.0]","[0.0, 0.0, 0.0]","[0.0, 0.0, 0.0]","[0.0, 0.0, 0.0]","[0.0, 0.0, 0.0]","[0.0, 0.0, 0.0]","[0.0, 0.0, 0.0]","[0.0, 0.0, 0.0]","[0, 0, 0]"
224,33.1196,2,200,"[0.0, 0.0, 0.0]","[0.0, 0.0, 0.0]","[0.0, 0.0, 0.0]","[0.0, 0.0, 0.0]","[0.0, 0.0, 0.0]","[0.0, 0.0, 0.0]","[0.0, 0.0, 0.0]","[0.0, 0.0, 0.0]","[0.0, 0.0, 0.0]","[0.0, 0.0, 0.0]","[0.0, 0.0, 0.0]","[0.0, 0.0, 0.0]","[0.0, 0.0, 0.0]","[0.0, 0.0, 0.0]","[0.0, 0.0, 0.0]","[0.0, 0.0, 0.0]","[0.0, 0.0, 0.0]","[0.0, 0.0, 0.0]","[0.0, 0.0, 0.0]","[0, 0, 0]"
239,32.6487,2,54,"[0.0, 0.0, 0.0]","[0.0, 0.0, 0.0]","[0.0, 0.0, 0.0]","[0.0, 0.0, 0.0]","[0.0, 0.0, 0.0]","[0.0, 0.0, 0.0]","[0.0, 0.0, 0.0]","[0.0, 0.0, 0.0]","[0.0, 0.0, 0.0]","[0.0, 0.0, 0.0]","[0.0, 0.0, 0.0]","[0.0, 0.0, 0.0]","[0.0, 0.0, 0.0]","[0.0, 0.0, 0.0]","[0.0, 0.0, 0.0]","[0.0, 0.0, 0.0]","[0.0, 0.0, 0.0]","[0.0, 0.0, 0.0]","[0.0, 0.0, 0.0]","[0, 0, 0]"
240,32.719,2,54,"[221.507, -498.667, 2084.73]","[160.901, -599.745, 2217.49]","[53.3777, -679.076, 2103.59]","[53.3777, -886.656, 2103.59]","[53.3777, -1153.64, 2103.59]","[153.065, -684.58, 2250.47]","[261.188, -597.643, 2096.06]","[133.797, -418.946, 2036.47]","[149.131, -924.217, 2211.0]","[0.0, 0.0, 0.0]","[0.0, 0.0, 0.0]","[0.0, -310.193, 0.0]","[0.0, -601.976, 0.0]","[0.0, 0.0, 0.0]","[0.0, -310.193, 0.0]","[0.0, -601.976, 0.0]","[53.3777, -1076.16, 2103.59]","[155.029, -448.729, 2046.4]","[152.387, -593.314, 2146.97]","[0, 0, 0]"
241,32.7752,2,54,"[0.0, 0.0, 0.0]","[0.0, 0.0, 0.0]","[0.0, 0.0, 0.0]","[0.0, 0.0, 0.0]","[0.0, 0.0, 0.0]","[0.0, 0.0, 0.0]","[0.0, 0.0, 0.0]","[0.0, 0.0, 0.0]","[0.0, 0.0, 0.0]","[0.0, 0.0, 0.0]","[0.0, 0.0, 0.0]","[0.0, 0.0, 0.0]","[0.0, 0.0, 0.0]","[0.0, 0.0, 0.0]","[0.0, 0.0, 0.0]","[0.0, 0.0, 0.0]","[0.0, 0.0, 0.0]","[0.0, 0.0, 0.0]","[0.0, 0.0, 0.0]","[0, 0, 0]"
242,32.8202,2,54,"[237.127, -375.419, 2103.39]","[190.912, -482.418, 2212.79]","[93.3321, -557.788, 2140.71]","[313.402, -126.564, 2326.35]","[313.402, -441.105, 2326.35]","[195.483, -553.004, 2228.25]","[279.355, -521.89, 2083.71]","[167.297, -332.835, 2042.52]","[330.702, -121.256, 2161.8]","[322.212, -283.889, 2136.28]","[250.617, -467.648, 2160.11]","[349.335, -245.33, 1887.38]","[335.199, -587.749, 1914.22]","[369.217, -445.882, 2041.76]","[232.126, -122.313, 1941.45]","[272.323, -463.194, 1960.31]","[313.402, -349.823, 2326.35]","[186.061, -364.243, 2049.38]","[183.355, -468.649, 2155.56]","[0, 0, 0]"
243,32.8561,2,54,"[273.959, -150.546, 2126.62]","[251.523, -274.409, 2197.67]","[168.849, -334.434, 2192.62]","[326.021, -111.371, 2293.79]","[326.021, -426.528, 2293.79]","[281.89, -307.386, 2172.63]","[348.791, -369.722, 2047.47]","[224.879, -178.906, 2049.97]","[336.872, -117.772, 2160.37]","[329.791, -280.617, 2133.35]","[254.593, -447.785, 2153.94]","[274.07, -715.505, 2123.1]","[274.07, -1059.26, 2123.1]","[381.632, -429.777, 2044.09]","[257.303, -210.242, 1921.88]","[374.784, -966.4, 1824.03]","[326.021, -334.626, 2293.79]","[245.488, -210.573, 2049.55]","[245.326, -244.346, 2161.53]","[0, 0, 0]"
244,32.8849,2,54,"[319.211, 90.0229, 2143.44]","[320.918, -58.8791, 2177.36]","[247.294, -87.7033, 2235.76]","[322.61, -91.877, 2274.04]","[322.61, -408.204, 2274.04]","[371.445, -72.5724, 2112.8]","[428.678, -223.629, 2012.59]","[332.425, -240.668, 1972.67]","[356.416, -104.775, 2159.64]","[352.344, -267.744, 2126.27]","[274.522, -407.565, 2142.41]","[312.711, -695.764, 2119.94]","[312.711, -1039.51, 2119.94]","[400.735, -403.89, 2051.48]","[294.296, -358.588, 1896.72]","[363.326, -979.974, 1847.67]","[322.61, -316.43, 2274.04]","[348.306, -236.89, 1979.32]","[316.037, -7.97042, 2160.05]","[0, 0, 0]"
245,33.1079,2,54,"[349.601, 245.47, 2151.71]","[368.093, 77.1348, 2161.83]","[302.279, 67.625, 2255.18]","[332.67, -96.622, 2261.46]","[332.67, -412.566, 2261.46]","[430.206, 65.7975, 2074.26]","[476.303, -136.86, 1988.31]","[385.634, -287.484, 1918.13]","[379.6, -85.5947, 2160.74]","[377.661, -249.468, 2120.56]","[295.346, -368.203, 2130.14]","[314.694, -697.513, 2118.59]","[314.694, -1041.23, 2118.59]","[421.479, -380.321, 2057.48]","[333.471, -514.109, 1880.02]","[369.915, -1002.25, 1866.26]","[332.67, -320.899, 2261.46]","[400.65, -261.725, 1929.82]","[364.722, 142.739, 2154.35]","[0, 0, 0]"
246,32.8863,2,54,"[361.686, 318.115, 2156.27]","[390.118, 140.42, 2152.91]","[331.31, 137.592, 2261.63]","[338.224, -100.356, 2258.9]","[338.224, -415.981, 2258.9]","[454.482, 124.834, 2054.2]","[497.671, -99.9592, 1974.35]","[398.935, -312.714, 1891.43]","[390.547, -72.8424, 2160.6]","[389.279, -238.762, 2118.6]","[300.369, -350.985, 2121.65]","[299.856, -711.74, 2116.89]","[299.856, -1055.42, 2116.89]","[436.517, -373.094, 2058.05]","[361.808, -621.433, 1873.3]","[378.31, -1025.73, 1871.98]","[338.224, -324.402, 2258.9]","[415.356, -277.017, 1905.25]","[388.79, 213.145, 2149.54]","[0, 0, 0]"
247,32.9091,2,145,"[0.0, 0.0, 0.0]","[0.0, 0.0, 0.0]","[0.0, 0.0, 0.0]","[0.0, 0.0, 0.0]","[0.0, 0.0, 0.0]","[0.0, 0.0, 0.0]","[0.0, 0.0, 0.0]","[0.0, 0.0, 0.0]","[0.0, 0.0, 0.0]","[0.0, 0.0, 0.0]","[0.0, 0.0, 0.0]","[0.0, 0.0, 0.0]","[0.0, 0.0, 0.0]","[0.0, 0.0, 0.0]","[0.0, 0.0, 0.0]","[0.0, 0.0, 0.0]","[0.0, 0.0, 0.0]","[0.0, 0.0, 0.0]","[0.0, 0.0, 0.0]","[0, 0, 0]"
