52,2873160.0,2,70,"[266.533, 80.705, 2082.61]","[252.475, -86.267, 2095.37]","[119.115, -66.688, 2105.17]","[-40.4754, -98.9072, 1943.66]","[-296.001, -148.191, 1886.9]","[366.024, -104.664, 2139.46]","[200.193, -65.8436, 1985.89]","[-58.1443, -82.3988, 1923.18]","[237.248, -295.997, 2111.69]","[231.825, -452.709, 2093.6]","[148.459, -499.707, 2124.67]","[227.901, -703.529, 1865.57]","[152.16, -841.416, 2143.05]","[315.773, -507.416, 2071.81]","[200.104, -739.393, 1853.19]","[200.104, -1058.36, 1853.19]","[-253.414, -139.977, 1896.36]","[-15.0881, -79.6396, 1933.63]","[257.41, -18.2991, 2090.08]","[0, 0, 0]"
53,2298530.0,2,70,"[264.73, 82.6522, 2079.23]","[252.049, -84.131, 2095.53]","[121.449, -70.2586, 2100.72]","[-40.4332, -97.9202, 1940.97]","[-294.537, -146.011, 1881.38]","[368.113, -101.191, 2133.47]","[200.541, -60.8376, 1982.22]","[-56.4444, -80.396, 1918.87]","[236.352, -292.338, 2119.05]","[232.803, -447.582, 2094.31]","[149.291, -486.994, 2119.17]","[224.844, -701.621, 1870.19]","[148.703, -842.69, 2145.8]","[314.943, -495.203, 2073.19]","[206.664, -733.993, 1859.85]","[240.091, -1025.1, 1893.17]","[-252.186, -137.996, 1891.31]","[-13.6137, -77.1353, 1929.43]","[257.152, -16.6031, 2087.89]","[0, 0, 0]"
54,1838830.0,2,70,"[241.806, 134.298, 2009.72]","[249.294, -51.4187, 2101.25]","[135.925, -59.99, 2086.65]","[-34.4288, -92.4405, 1937.97]","[-284.494, -139.546, 1871.5]","[363.825, -73.6687, 2115.01]","[192.436, -41.9283, 1966.55]","[-60.0773, -78.8143, 1906.74]","[236.616, -257.542, 2135.6]","[235.056, -410.922, 2100.43]","[155.386, -446.346, 2109.62]","[219.137, -686.023, 1884.18]","[134.428, -842.979, 2148.32]","[311.371, -454.031, 2077.37]","[220.628, -710.33, 1878.32]","[248.52, -985.473, 1914.32]","[-242.818, -131.696, 1882.58]","[-17.9915, -72.6737, 1916.71]","[253.413, 15.6612, 2090.03]","[0, 0, 0]"
55,1471070.0,2,70,"[238.321, 253.69, 2059.2]","[243.605, 23.9978, 2113.54]","[154.355, 3.02879, 2057.54]","[-17.614, -72.2947, 1936.74]","[-261.835, -131.071, 1866.52]","[340.959, 30.4465, 2057.46]","[175.344, -24.7529, 1942.96]","[-74.508, -77.6904, 1893.68]","[238.976, -181.803, 2144.37]","[237.777, -338.234, 2112.82]","[166.607, -396.359, 2100.68]","[213.264, -660.069, 1895.61]","[116.216, -838.524, 2141.9]","[303.981, -402.605, 2083.51]","[234.929, -677.633, 1898.7]","[248.469, -967.211, 1918.02]","[-221.133, -121.273, 1878.22]","[-32.8679, -68.882, 1901.89]","[245.112, 91.3656, 2103.43]","[0, 0, 0]"
56,1176860.0,2,70,"[225.915, 350.585, 2094.58]","[236.013, 120.044, 2129.38]","[169.366, 81.9405, 2056.12]","[13.498, -33.7278, 1944.79]","[-205.714, -131.293, 1858.54]","[232.527, 291.466, 1993.55]","[232.527, 62.5064, 1993.55]","[232.527, -237.255, 1993.55]","[238.674, -85.7823, 2142.73]","[238.99, -245.766, 2120.56]","[173.04, -378.576, 2092.6]","[211.174, -653.34, 1895.51]","[210.745, -975.262, 1892.33]","[295.951, -387.523, 2086.57]","[242.033, -669.588, 1903.36]","[244.918, -992.204, 1902.65]","[-169.203, -114.994, 1872.91]","[232.527, -152.343, 1993.55]","[235.153, 187.795, 2125.0]","[0, 0, 0]"
57,941498.0,2,70,"[210.09, 394.276, 2110.24]","[229.743, 193.525, 2141.79]","[172.912, 149.485, 2058.22]","[68.5498, -10.7369, 1947.28]","[-120.041, -136.543, 1834.55]","[250.5, 195.842, 2047.41]","[250.5, -33.9963, 2047.41]","[250.5, -333.831, 2047.41]","[236.651, -12.9337, 2139.8]","[238.465, -175.225, 2122.17]","[169.746, -376.754, 2082.78]","[164.825, -726.712, 2076.6]","[164.825, -1050.13, 2076.6]","[303.97, -382.501, 2079.1]","[245.429, -670.656, 1903.56]","[245.575, -999.79, 1900.72]","[-88.6563, -115.527, 1853.34]","[250.5, -248.481, 2047.41]","[227.474, 261.776, 2142.47]","[0, 0, 0]"
58,753205.0,2,70,"[213.736, 401.21, 2113.01]","[226.13, 229.693, 2147.77]","[168.339, 192.769, 2052.73]","[134.309, 2.26573, 1943.54]","[-53.3657, -114.233, 1812.85]","[249.864, 195.088, 2051.7]","[249.864, -38.0257, 2051.7]","[249.864, -341.228, 2051.7]","[235.087, 21.3163, 2135.45]","[237.805, -143.475, 2118.43]","[163.232, -376.5, 2073.54]","[157.171, -728.831, 2068.26]","[157.171, -1056.78, 2068.26]","[311.9, -383.891, 2070.64]","[245.903, -676.811, 1898.86]","[244.439, -1012.15, 1893.34]","[-22.0939, -94.8209, 1834.63]","[249.864, -254.568, 2051.7]","[223.164, 298.792, 2151.85]","[0, 0, 0]"
59,602571.0,2,70,"[225.06, 378.834, 2207.49]","[224.633, 232.746, 2147.74]","[160.388, 207.113, 2041.81]","[203.526, 8.20554, 1939.21]","[-11.1921, -77.3486, 1824.12]","[252.197, 177.312, 2040.6]","[252.197, -61.2345, 2040.6]","[252.197, -370.748, 2040.6]","[234.743, 20.8854, 2129.92]","[237.81, -149.085, 2111.77]","[154.805, -368.845, 2069.38]","[148.322, -720.916, 2068.49]","[148.322, -1056.45, 2068.49]","[318.346, -384.988, 2065.84]","[244.896, -682.446, 1892.42]","[243.049, -1022.91, 1886.88]","[24.5635, -63.0506, 1843.3]","[252.197, -281.99, 2040.6]","[221.271, 303.164, 2153.66]","[0, 0, 0]"
60,482063.0,2,70,"[233.257, 367.999, 2105.0]","[223.715, 217.414, 2144.02]","[162.282, 174.527, 2054.37]","[110.224, -5.09669, 1948.41]","[-6.17937, -92.7675, 1758.13]","[275.012, 119.475, 2104.25]","[275.012, -125.608, 2104.25]","[275.012, -442.99, 2104.25]","[232.76, 1.46557, 2123.63]","[235.144, -173.633, 2104.78]","[150.361, -389.987, 2069.73]","[148.149, -776.457, 2071.96]","[148.149, -1121.13, 2071.96]","[319.781, -397.771, 2063.67]","[239.36, -695.154, 1876.77]","[234.348, -1049.71, 1864.37]","[12.7338, -78.0702, 1789.84]","[275.012, -351.736, 2104.25]","[220.692, 289.567, 2150.82]","[0, 0, 0]"
61,385657.0,2,70,"[224.085, 338.776, 2094.19]","[223.016, 189.202, 2137.87]","[160.606, 134.657, 2061.63]","[46.4923, -24.1967, 1943.32]","[-123.229, -121.885, 1796.04]","[305.051, 72.131, 2063.55]","[275.767, -159.212, 2080.68]","[275.767, -482.887, 2080.68]","[229.983, -31.4192, 2117.23]","[231.467, -209.895, 2098.41]","[141.544, -411.09, 2074.86]","[135.435, -801.173, 2080.13]","[135.435, -1153.17, 2080.13]","[321.017, -415.095, 2062.1]","[233.981, -713.544, 1863.79]","[230.068, -1078.84, 1855.5]","[-95.4313, -105.591, 1820.59]","[275.767, -389.636, 2080.68]","[220.682, 263.095, 2144.77]","[0, 0, 0]"
62,308532.0,2,70,"[217.024, 299.174, 2082.23]","[222.244, 150.712, 2129.35]","[153.179, 91.9019, 2062.75]","[2.75266, -45.5911, 1929.01]","[-211.725, -138.169, 1816.15]","[292.228, 75.1334, 2055.95]","[288.636, -192.121, 2053.69]","[288.636, -520.733, 2053.69]","[226.399, -74.3128, 2109.97]","[226.883, -256.065, 2091.31]","[129.856, -421.032, 2079.64]","[121.885, -805.577, 2083.42]","[121.885, -1163.31, 2083.42]","[323.651, -419.595, 2060.28]","[228.893, -719.633, 1854.3]","[225.677, -1078.79, 1849.5]","[-176.306, -122.72, 1834.96]","[288.636, -425.913, 2053.69]","[220.851, 226.143, 2135.84]","[0, 0, 0]"
63,246832.0,2,70,"[211.311, 251.601, 2063.8]","[221.358, 104.61, 2117.63]","[137.949, 49.0949, 2056.93]","[-34.6716, -65.6592, 1910.52]","[-276.124, -149.11, 1811.33]","[298.773, 66.5819, 2026.39]","[309.581, -205.793, 2004.38]","[309.581, -538.004, 2004.38]","[222.253, -124.169, 2102.7]","[222.208, -308.698, 2084.04]","[120.869, -421.793, 2084.95]","[115.928, -803.595, 2088.61]","[115.928, -1165.55, 2088.61]","[323.565, -418.554, 2058.72]","[225.352, -721.609, 1848.09]","[223.628, -1082.52, 1845.83]","[-236.018, -135.192, 1827.86]","[309.581, -442.03, 2004.38]","[221.06, 181.31, 2122.63]","[0, 0, 0]"
64,197472.0,2,70,"[223.813, 191.797, 2032.25]","[222.068, 50.5267, 2101.75]","[117.244, 10.0803, 2040.44]","[-70.9426, -81.7099, 1887.6]","[-330.157, -153.079, 1801.16]","[318.45, 93.7153, 1986.32]","[336.303, -145.783, 1958.15]","[336.303, -480.187, 1958.15]","[218.408, -180.872, 2097.56]","[218.967, -365.433, 2076.66]","[116.538, -421.945, 2089.32]","[115.538, -807.7, 2091.83]","[115.538, -1172.27, 2091.83]","[321.907, -418.539, 2057.25]","[224.592, -726.93, 1846.59]","[225.102, -1094.41, 1847.75]","[-286.987, -141.179, 1815.56]","[336.303, -383.489, 1958.15]","[223.303, 128.096, 2103.16]","[0, 0, 0]"
65,157985.0,2,70,"[249.288, 124.134, 1996.57]","[224.912, -7.67434, 2085.14]","[93.0333, -14.9552, 2023.32]","[-98.973, -92.8853, 1863.35]","[-373.834, -142.246, 1808.27]","[299.657, 143.903, 1981.32]","[281.658, -78.2601, 1985.95]","[281.658, -413.336, 1985.95]","[213.797, -239.039, 2101.17]","[219.859, -419.512, 2061.78]","[116.38, -420.631, 2091.01]","[118.227, -807.045, 2091.22]","[118.227, -1172.53, 2091.22]","[319.215, -418.264, 2056.2]","[225.342, -731.648, 1847.39]","[226.669, -1099.57, 1849.49]","[-328.016, -133.986, 1817.45]","[281.658, -316.374, 1985.95]","[228.665, 69.86, 2079.77]","[0, 0, 0]"
66,126394.0,2,70,"[127.316, -0.901185, 2031.02]","[228.536, -61.3531, 2070.45]","[74.6859, -29.0064, 2031.0]","[-100.368, -90.926, 1848.36]","[-369.834, -67.0303, 1779.82]","[253.475, 155.844, 2001.06]","[214.936, -103.258, 2023.03]","[214.936, -437.513, 2023.03]","[209.321, -290.114, 2107.27]","[223.805, -461.337, 2044.69]","[118.415, -433.392, 2090.9]","[121.154, -831.667, 2089.93]","[121.154, -1196.4, 2089.93]","[315.707, -432.475, 2054.23]","[222.944, -743.082, 1840.2]","[221.14, -1116.0, 1834.67]","[-324.895, -71.1059, 1791.24]","[214.936, -340.733, 2023.03]","[235.005, 15.2789, 2058.12]","[0, 0, 0]"
67,101122.0,2,70,"[262.037, 52.0479, 2050.48]","[231.712, -107.978, 2058.55]","[72.5875, -38.0935, 2054.29]","[-81.3355, -74.5273, 1850.21]","[-348.894, -42.2706, 1766.6]","[169.682, 96.7058, 2054.73]","[169.682, -161.126, 2054.73]","[169.682, -493.195, 2054.73]","[207.69, -331.772, 2110.72]","[226.236, -496.071, 2036.61]","[119.992, -455.732, 2090.24]","[121.533, -858.005, 2089.28]","[121.533, -1220.46, 2089.28]","[313.993, -456.604, 2051.75]","[217.59, -756.812, 1827.57]","[213.53, -1128.41, 1818.17]","[-304.277, -47.6988, 1780.53]","[169.682, -397.005, 2054.73]","[239.821, -32.5819, 2040.95]","[0, 0, 0]"
68,80904.1,2,70,"[309.911, 5.75846, 2049.94]","[233.961, -141.26, 2051.14]","[77.3295, -40.0337, 2067.47]","[-73.4101, -62.1105, 1860.07]","[-343.947, -56.9254, 1787.98]","[370.642, -42.9591, 2138.02]","[370.642, -298.227, 2138.02]","[370.642, -626.907, 2138.02]","[207.532, -361.154, 2112.39]","[227.842, -520.358, 2033.71]","[118.125, -466.622, 2089.76]","[116.402, -853.05, 2089.23]","[116.402, -1211.9, 2089.23]","[316.081, -473.65, 2050.27]","[213.383, -763.99, 1821.07]","[210.82, -1125.76, 1818.07]","[-298.836, -57.8467, 1799.99]","[370.642, -531.665, 2138.02]","[242.864, -67.1121, 2030.48]","[0, 0, 0]"
69,64729.8,2,70,"[305.881, -0.136345, 2050.04]","[235.139, -158.476, 2048.54]","[83.4246, -36.6122, 2072.75]","[-66.6613, -55.5999, 1867.67]","[-321.551, -94.7479, 1774.73]","[364.677, -25.4239, 2133.08]","[364.677, -277.328, 2133.08]","[364.677, -601.609, 2133.08]","[207.004, -375.714, 2115.54]","[230.882, -527.548, 2029.37]","[117.523, -469.641, 2088.64]","[117.22, -844.901, 2087.71]","[117.22, -1199.01, 2087.71]","[318.116, -479.471, 2049.51]","[213.821, -766.526, 1823.97]","[215.318, -1120.17, 1828.65]","[-279.075, -88.1834, 1790.22]","[364.677, -507.615, 2133.08]","[244.543, -85.7208, 2026.11]","[0, 0, 0]"
70,51790.7,2,70,"[149.067, -32.3304, 2036.53]","[234.311, -158.797, 2053.71]","[89.6232, -24.1625, 2072.94]","[-66.5967, -54.5782, 1878.67]","[-303.486, -126.215, 1765.8]","[259.783, 85.7546, 2053.15]","[259.783, -163.459, 2053.15]","[259.783, -484.22, 2053.15]","[201.055, -367.449, 2138.73]","[235.931, -491.524, 2023.57]","[123.263, -464.846, 2086.8]","[128.336, -830.878, 2085.4]","[128.336, -1181.2, 2085.4]","[317.874, -462.535, 2050.45]","[222.521, -759.341, 1842.31]","[230.537, -1101.59, 1858.61]","[-264.022, -114.226, 1784.61]","[259.783, -391.225, 2053.15]","[245.352, -89.4699, 2025.49]","[0, 0, 0]"
71,41439.1,2,70,"[137.048, -60.8956, 2029.68]","[232.353, -142.572, 2066.15]","[88.4371, -17.6866, 2072.58]","[-71.1708, -58.1685, 1886.64]","[-300.348, -159.349, 1783.62]","[225.028, 104.525, 2033.85]","[225.028, -142.538, 2033.85]","[225.028, -460.487, 2033.85]","[192.043, -333.736, 2179.46]","[233.481, -433.35, 2043.34]","[133.941, -450.533, 2085.17]","[142.277, -807.113, 2084.13]","[142.277, -1154.41, 2084.13]","[311.64, -443.11, 2054.28]","[230.567, -746.022, 1856.02]","[236.426, -1082.05, 1865.32]","[-262.147, -142.491, 1800.79]","[225.028, -368.289, 2033.85]","[245.675, -79.5106, 2028.78]","[0, 0, 0]"
72,33157.9,2,70,"[268.678, 2.81998, 1946.44]","[231.585, -118.109, 2077.98]","[84.6613, -11.8926, 2078.75]","[-68.103, -68.0324, 1894.3]","[-294.944, -193.453, 1815.78]","[232.357, 146.328, 2023.6]","[221.824, -114.153, 2042.44]","[221.824, -432.63, 2042.44]","[188.657, -299.261, 2204.38]","[231.695, -392.807, 2061.76]","[142.587, -436.927, 2085.16]","[148.01, -793.859, 2085.58]","[148.01, -1138.74, 2085.58]","[302.607, -431.842, 2060.53]","[237.38, -738.125, 1867.4]","[241.485, -1078.35, 1873.89]","[-257.12, -172.577, 1828.86]","[221.824, -341.067, 2042.44]","[245.741, -58.3853, 2036.29]","[0, 0, 0]"
73,26532.9,2,70,"[252.532, 49.0171, 1965.68]","[231.607, -92.6794, 2084.71]","[81.3825, -6.98877, 2090.32]","[-57.0818, -83.1237, 1904.59]","[-288.687, -209.866, 1844.96]","[220.4, 152.822, 2032.46]","[217.24, -87.5652, 2036.51]","[217.24, -403.712, 2036.51]","[194.327, -279.647, 2199.86]","[232.677, -386.016, 2065.9]","[146.012, -430.637, 2085.6]","[146.69, -792.826, 2086.18]","[146.69, -1135.8, 2086.18]","[299.686, -424.917, 2062.96]","[240.664, -731.838, 1873.12]","[241.589, -1071.71, 1874.73]","[-250.081, -188.74, 1854.89]","[217.24, -312.654, 2036.51]","[243.932, -30.953, 2046.68]","[0, 0, 0]"
74,21232.9,2,70,"[235.695, 92.0962, 1987.4]","[230.72, -66.8544, 2087.47]","[76.1222, -5.54135, 2097.8]","[-49.9618, -97.3618, 1911.59]","[-282.991, -217.1, 1848.28]","[213.542, 169.671, 2030.3]","[150.575, -23.4066, 1934.08]","[-103.483, -47.5048, 1946.07]","[204.441, -265.339, 2177.47]","[230.393, -400.36, 2077.24]","[143.115, -433.536, 2085.25]","[139.031, -801.4, 2085.0]","[139.031, -1142.87, 2085.0]","[299.745, -430.632, 2063.14]","[240.054, -732.577, 1869.23]","[238.121, -1076.71, 1863.45]","[-244.153, -197.142, 1858.83]","[-61.1285, -43.3547, 1944.07]","[239.476, -1.22121, 2057.69]","[0, 0, 0]"
75,16993.0,2,70,"[212.998, 130.155, 2006.7]","[226.54, -38.8323, 2090.06]","[72.5159, -8.32412, 2105.44]","[-45.944, -106.067, 1917.35]","[-267.633, -206.214, 1813.88]","[209.11, 188.675, 2015.01]","[129.785, -17.0503, 1932.72]","[-127.095, -62.2137, 1938.53]","[212.724, -246.509, 2154.92]","[227.298, -404.949, 2090.86]","[138.625, -438.635, 2084.73]","[134.426, -805.502, 2084.36]","[134.426, -1145.8, 2084.36]","[304.874, -431.146, 2060.04]","[238.443, -730.199, 1866.68]","[236.463, -1069.39, 1863.86]","[-230.691, -189.559, 1831.13]","[-84.2716, -54.5932, 1937.56]","[231.188, 30.0091, 2068.55]","[0, 0, 0]"
76,13601.0,2,70,"[179.939, 169.389, 2032.92]","[217.328, -7.06457, 2096.23]","[73.3587, -12.8035, 2115.74]","[-44.253, -107.067, 1924.07]","[-263.893, -189.237, 1801.77]","[209.498, 188.974, 1980.91]","[110.096, -23.0978, 1926.99]","[-144.521, -85.4104, 1908.82]","[216.667, -220.43, 2139.23]","[225.122, -392.958, 2100.4]","[136.618, -441.975, 2084.88]","[135.384, -805.265, 2085.12]","[135.384, -1144.67, 2085.12]","[308.209, -428.75, 2057.61]","[237.613, -727.15, 1866.78]","[236.84, -1064.76, 1866.91]","[-227.288, -175.57, 1822.15]","[-102.074, -74.9486, 1911.85]","[217.593, 63.8409, 2081.95]","[0, 0, 0]"
77,10887.4,2,70,"[145.18, 211.34, 2069.26]","[201.917, 29.2593, 2109.38]","[77.1658, -12.4937, 2119.47]","[-46.6476, -105.052, 1929.23]","[-275.481, -170.036, 1813.97]","[219.656, 150.59, 1962.6]","[83.2538, -44.1304, 1913.71]","[-175.647, -91.1733, 1893.36]","[215.513, -186.69, 2130.97]","[223.06, -366.605, 2106.57]","[136.467, -443.851, 2085.52]","[136.87, -804.882, 2086.09]","[136.87, -1143.62, 2086.09]","[308.257, -430.135, 2056.96]","[237.156, -727.949, 1866.92]","[236.856, -1068.22, 1867.05]","[-237.348, -159.198, 1833.18]","[-132.491, -83.3006, 1896.75]","[197.417, 101.172, 2102.19]","[0, 0, 0]"
78,8716.3,2,70,"[118.283, 251.094, 2104.56]","[182.822, 67.3014, 2128.29]","[83.3222, -0.841264, 2120.7]","[-44.9893, -99.0691, 1935.73]","[-277.887, -158.908, 1825.42]","[221.771, 124.209, 1978.44]","[70.6452, -51.2855, 1902.01]","[-190.61, -89.1919, 1889.87]","[208.494, -148.657, 2130.19]","[219.15, -330.057, 2111.44]","[136.59, -442.969, 2086.39]","[136.982, -801.201, 2087.05]","[136.982, -1139.46, 2087.05]","[306.665, -430.452, 2057.32]","[238.06, -729.639, 1869.69]","[238.944, -1069.64, 1872.04]","[-239.074, -148.925, 1843.8]","[-147.067, -82.8581, 1891.89]","[174.264, 139.327, 2127.65]","[0, 0, 0]"
79,6979.64,2,70,"[95.8582, 282.558, 2133.59]","[162.365, 101.866, 2149.03]","[86.5183, 20.312, 2121.86]","[-40.9933, -88.5197, 1943.35]","[-266.202, -158.8, 1825.11]","[214.667, 118.153, 2008.53]","[72.9987, -45.2399, 1897.58]","[-187.901, -86.9257, 1889.44]","[197.208, -112.521, 2134.97]","[212.943, -292.611, 2116.43]","[135.901, -441.151, 2087.43]","[135.438, -798.678, 2088.14]","[135.438, -1136.61, 2088.14]","[304.763, -430.993, 2058.33]","[239.124, -731.781, 1873.02]","[239.954, -1071.44, 1875.44]","[-228.673, -147.072, 1844.82]","[-144.418, -79.9753, 1890.79]","[150.714, 173.439, 2153.72]","[0, 0, 0]"
80,5590.31,2,70,"[77.1444, 298.441, 2158.26]","[143.705, 126.268, 2168.41]","[84.8158, 37.7121, 2128.55]","[-37.5631, -76.5312, 1950.08]","[-250.452, -163.77, 1822.52]","[204.614, 123.123, 2036.98]","[79.4549, -35.4651, 1900.86]","[-179.202, -86.4729, 1888.33]","[184.8, -85.8764, 2141.86]","[205.235, -263.798, 2120.94]","[133.56, -437.536, 2088.8]","[131.728, -793.706, 2089.73]","[131.728, -1131.47, 2089.73]","[301.126, -431.053, 2060.63]","[239.177, -732.254, 1875.21]","[239.025, -1070.05, 1876.37]","[-214.979, -149.213, 1843.78]","[-136.094, -77.9698, 1890.41]","[129.945, 197.136, 2177.26]","[0, 0, 0]"
81,4478.85,2,70,"[64.4162, 302.597, 2176.75]","[128.683, 138.807, 2184.54]","[81.8842, 48.7241, 2135.46]","[-35.1107, -69.1742, 1955.8]","[-241.257, -165.141, 1822.91]","[195.317, 131.193, 2060.05]","[86.0349, -25.0828, 1907.01]","[-169.292, -87.4076, 1887.26]","[174.064, -70.9325, 2148.48]","[197.289, -246.881, 2124.47]","[129.139, -434.456, 2090.45]","[125.796, -791.518, 2091.54]","[125.796, -1129.27, 2091.54]","[296.197, -430.704, 2064.0]","[238.34, -731.483, 1876.76]","[237.522, -1068.33, 1877.42]","[-206.903, -149.138, 1845.06]","[-126.74, -77.0165, 1890.55]","[113.483, 208.9, 2196.59]","[0, 0, 0]"
82,3589.68,2,70,"[61.2063, 295.629, 2190.11]","[120.385, 139.226, 2196.54]","[79.1224, 49.7964, 2143.06]","[-34.2703, -67.3141, 1959.56]","[-238.875, -164.178, 1824.31]","[192.017, 136.583, 2076.23]","[91.6151, -18.2199, 1913.44]","[-160.919, -88.6813, 1886.37]","[167.978, -68.4514, 2153.22]","[191.406, -243.053, 2126.33]","[124.028, -433.338, 2092.27]","[120.535, -792.389, 2093.41]","[120.535, -1130.31, 2093.41]","[291.72, -429.656, 2068.62]","[236.445, -729.355, 1878.72]","[234.9, -1065.45, 1879.83]","[-204.774, -148.032, 1846.85]","[-118.832, -76.9355, 1890.88]","[104.445, 208.653, 2211.02]","[0, 0, 0]"
83,2878.34,2,70,"[70.6394, 281.933, 2194.39]","[120.334, 129.482, 2202.84]","[78.2045, 42.6506, 2146.19]","[-35.6638, -70.0006, 1959.27]","[-245.526, -161.013, 1828.07]","[196.962, 136.722, 2084.4]","[96.1797, -14.7544, 1917.37]","[-154.815, -89.6383, 1885.76]","[167.397, -77.0841, 2154.64]","[188.494, -251.081, 2125.85]","[118.864, -433.28, 2092.95]","[115.65, -793.378, 2093.06]","[115.65, -1131.64, 2093.06]","[287.189, -428.376, 2071.35]","[233.948, -728.207, 1880.56]","[232.135, -1065.8, 1881.56]","[-210.55, -145.842, 1849.94]","[-112.983, -77.1582, 1891.03]","[104.573, 198.557, 2218.95]","[0, 0, 0]"
84,2309.28,2,70,"[85.2444, 266.305, 2188.84]","[126.708, 113.959, 2202.46]","[78.734, 28.6365, 2144.11]","[-40.2828, -75.0117, 1954.91]","[-254.339, -161.058, 1826.62]","[208.342, 132.431, 2082.13]","[97.4944, -14.8706, 1917.83]","[-153.985, -89.2016, 1886.1]","[170.723, -92.8241, 2152.59]","[188.524, -268.487, 2123.04]","[115.193, -433.814, 2092.94]","[113.419, -794.722, 2092.59]","[113.419, -1133.52, 2092.59]","[284.117, -427.411, 2072.9]","[230.789, -727.759, 1882.07]","[228.623, -1066.5, 1882.8]","[-218.664, -146.716, 1848.0]","[-112.072, -76.8147, 1891.39]","[111.971, 183.125, 2219.15]","[0, 0, 0]"
85,1854.02,2,70,"[100.539, 252.563, 2177.84]","[136.531, 97.3023, 2196.92]","[80.3265, 14.0542, 2138.08]","[-48.6015, -79.2088, 1950.12]","[-267.127, -160.362, 1825.29]","[219.629, 127.15, 2071.52]","[95.9309, -17.7894, 1915.08]","[-157.608, -87.7516, 1887.11]","[175.971, -112.835, 2148.03]","[190.17, -290.972, 2118.89]","[112.815, -434.198, 2092.7]","[112.001, -795.591, 2092.34]","[112.001, -1135.17, 2092.34]","[282.255, -427.071, 2073.56]","[224.619, -727.458, 1882.8]","[220.091, -1067.01, 1882.92]","[-230.707, -146.835, 1846.09]","[-115.352, -76.0913, 1891.77]","[123.439, 166.965, 2213.13]","[0, 0, 0]"
86,1489.82,2,70,"[114.851, 243.219, 2163.08]","[146.883, 83.1606, 2188.16]","[79.8371, 3.92111, 2130.44]","[-58.1459, -81.4898, 1944.4]","[-280.713, -157.953, 1822.33]","[229.782, 122.86, 2057.74]","[92.6912, -20.8538, 1911.19]","[-163.317, -85.5614, 1888.09]","[180.852, -131.446, 2143.1]","[191.98, -311.871, 2114.98]","[111.531, -434.548, 2092.56]","[111.391, -796.919, 2092.39]","[111.391, -1137.53, 2092.39]","[281.319, -427.207, 2073.95]","[220.536, -727.732, 1882.59]","[218.333, -1068.73, 1882.07]","[-243.619, -145.209, 1842.67]","[-120.649, -74.7756, 1891.94]","[135.719, 153.601, 2202.97]","[0, 0, 0]"
87,1198.45,2,70,"[125.963, 237.285, 2146.47]","[156.096, 72.9284, 2177.79]","[78.4519, -1.36484, 2124.12]","[-63.6477, -80.0706, 1937.48]","[-291.025, -151.318, 1819.35]","[237.534, 119.978, 2043.31]","[88.465, -22.7757, 1907.21]","[-170.426, -80.4454, 1888.99]","[184.331, -146.147, 2139.13]","[193.268, -328.345, 2112.27]","[110.22, -435.752, 2092.3]","[109.766, -800.14, 2092.07]","[109.766, -1142.0, 2092.07]","[281.14, -429.163, 2074.01]","[218.549, -729.073, 1880.03]","[218.092, -1072.11, 1877.7]","[-253.13, -139.443, 1839.04]","[-127.278, -70.8319, 1892.03]","[146.895, 144.29, 2190.39]","[0, 0, 0]"
88,965.362,2,70,"[132.982, 234.758, 2132.55]","[163.239, 66.9294, 2167.81]","[77.0958, -4.40416, 2119.97]","[-66.9151, -76.1041, 1931.81]","[-296.489, -148.873, 1816.52]","[243.162, 117.926, 2029.12]","[83.1384, -22.5491, 1903.17]","[-179.039, -70.3013, 1889.96]","[186.535, -155.69, 2136.33]","[194.032, -339.302, 2110.72]","[108.868, -436.863, 2092.03]","[108.238, -802.554, 2091.84]","[108.238, -1145.85, 2091.84]","[281.685, -430.871, 2073.81]","[217.683, -729.881, 1876.3]","[217.848, -1073.68, 1873.43]","[-258.226, -136.746, 1835.74]","[-135.344, -62.3404, 1892.16]","[155.686, 139.159, 2178.03]","[0, 0, 0]"
89,778.69,2,70,"[139.54, 231.897, 2118.07]","[169.184, 63.0131, 2158.08]","[76.4907, -6.76083, 2117.59]","[-67.5133, -74.8249, 1928.35]","[-298.591, -148.365, 1813.84]","[247.001, 116.387, 2014.57]","[77.814, -22.933, 1900.16]","[-186.509, -66.8594, 1891.17]","[187.938, -162.221, 2134.32]","[194.43, -347.2, 2109.99]","[107.009, -438.04, 2091.69]","[105.884, -805.419, 2091.47]","[105.884, -1150.3, 2091.47]","[282.154, -434.616, 2073.66]","[217.565, -733.017, 1872.5]","[218.038, -1080.36, 1869.95]","[-260.077, -136.109, 1832.92]","[-142.455, -59.538, 1892.67]","[163.113, 136.035, 2165.78]","[0, 0, 0]"
90,629.552,2,70,"[145.487, 227.644, 2103.47]","[174.152, 59.302, 2148.6]","[76.1536, -9.56746, 2117.08]","[-66.0937, -75.2882, 1926.24]","[-299.959, -148.688, 1814.39]","[252.629, 115.42, 2001.53]","[75.4772, -23.2389, 1899.86]","[-190.19, -67.4452, 1891.79]","[188.916, -167.808, 2132.69]","[194.684, -353.827, 2109.51]","[105.655, -438.841, 2091.44]","[105.004, -807.678, 2091.3]","[105.004, -1154.27, 2091.3]","[282.439, -437.832, 2073.59]","[217.766, -736.295, 1869.37]","[218.24, -1085.11, 1867.61]","[-260.981, -136.455, 1833.04]","[-145.912, -60.0783, 1893.13]","[169.37, 133.014, 2153.75]","[0, 0, 0]"
91,510.242,2,70,"[151.903, 221.072, 2088.28]","[178.632, 54.3346, 2139.21]","[76.5887, -13.7069, 2116.33]","[-63.2545, -77.1537, 1924.11]","[-302.873, -148.68, 1820.58]","[260.059, 116.02, 1989.56]","[76.8559, -22.7863, 1901.82]","[-189.403, -70.9786, 1891.98]","[189.934, -173.947, 2131.17]","[195.261, -360.593, 2108.88]","[105.537, -439.257, 2091.31]","[105.886, -809.726, 2091.28]","[105.886, -1158.13, 2091.28]","[282.291, -440.781, 2073.71]","[218.914, -739.781, 1866.51]","[220.01, -1090.39, 1864.99]","[-262.937, -136.758, 1837.84]","[-145.026, -62.9466, 1893.62]","[174.96, 128.634, 2141.81]","[0, 0, 0]"
92,414.793,2,70,"[161.04, 208.463, 2070.37]","[183.714, 45.6511, 2129.09]","[77.1718, -20.2487, 2115.48]","[-61.9168, -79.3708, 1922.79]","[-307.659, -149.287, 1830.04]","[268.708, 122.076, 1977.24]","[83.4386, -21.1418, 1905.61]","[-183.27, -72.6531, 1892.14]","[191.243, -183.201, 2129.69]","[196.179, -369.955, 2107.9]","[106.421, -439.857, 2091.24]","[107.413, -812.094, 2091.23]","[107.413, -1161.94, 2091.23]","[281.969, -443.236, 2073.91]","[222.548, -743.167, 1863.87]","[225.529, -1095.01, 1862.5]","[-266.703, -137.633, 1845.49]","[-138.818, -64.0674, 1894.39]","[181.26, 120.389, 2128.88]","[0, 0, 0]"
93,338.435,2,70,"[174.992, 189.064, 2048.72]","[190.599, 31.866, 2117.75]","[75.783, -27.0795, 2114.73]","[-62.6625, -81.5046, 1921.33]","[-311.935, -152.463, 1835.59]","[275.605, 141.0, 1967.08]","[96.7438, -14.6252, 1910.49]","[-169.584, -71.8257, 1892.87]","[193.514, -196.955, 2128.66]","[197.857, -383.221, 2106.49]","[108.381, -441.036, 2091.28]","[110.039, -815.008, 2091.35]","[110.039, -1166.02, 2091.35]","[281.958, -445.815, 2074.01]","[227.171, -746.427, 1861.15]","[230.516, -1099.27, 1859.66]","[-270.39, -140.637, 1849.88]","[-125.197, -62.2912, 1895.81]","[189.649, 106.824, 2114.17]","[0, 0, 0]"
94,277.348,2,70,"[192.627, 162.759, 2025.38]","[199.166, 12.5202, 2105.78]","[73.2009, -33.3596, 2114.64]","[-64.5185, -82.504, 1919.99]","[-316.265, -153.848, 1838.86]","[272.187, 174.295, 1972.43]","[111.571, 1.235, 1916.89]","[-151.727, -69.5744, 1894.27]","[196.917, -215.449, 2128.68]","[200.438, -400.599, 2104.44]","[111.505, -443.228, 2091.43]","[113.872, -818.966, 2091.58]","[113.872, -1170.9, 2091.58]","[282.639, -448.769, 2073.89]","[231.283, -749.562, 1858.36]","[233.809, -1103.22, 1856.8]","[-274.306, -141.958, 1852.38]","[-107.845, -57.7696, 1898.04]","[199.91, 87.4002, 2098.26]","[0, 0, 0]"
95,228.478,2,70,"[205.02, 142.144, 2009.0]","[207.846, -6.4528, 2095.73]","[72.5122, -38.5342, 2115.38]","[-65.3394, -82.2989, 1919.5]","[-318.455, -154.083, 1840.6]","[260.723, 199.55, 1990.32]","[119.59, 14.3134, 1923.22]","[-140.996, -66.9613, 1895.45]","[202.427, -232.966, 2129.74]","[204.885, -416.68, 2102.05]","[116.135, -444.298, 2091.69]","[119.472, -819.679, 2091.89]","[119.472, -1172.35, 2091.89]","[285.703, -450.426, 2073.02]","[236.688, -751.627, 1855.88]","[240.201, -1105.13, 1854.57]","[-276.268, -142.12, 1853.75]","[-97.5663, -53.4132, 1900.08]","[209.63, 68.1621, 2084.52]","[0, 0, 0]"
96,189.383,2,70,"[214.426, 125.208, 1997.94]","[215.852, -23.4973, 2087.83]","[73.9011, -42.5599, 2117.0]","[-65.2083, -81.2995, 1920.0]","[-318.306, -154.397, 1840.43]","[247.714, 210.271, 2010.14]","[121.294, 19.59, 1926.78]","[-138.692, -64.7415, 1895.32]","[208.243, -248.317, 2130.32]","[210.473, -430.555, 2099.24]","[122.205, -445.787, 2091.92]","[126.391, -822.224, 2092.07]","[126.391, -1175.49, 2092.07]","[289.84, -451.92, 2071.86]","[239.671, -752.686, 1853.11]","[240.876, -1106.09, 1851.53]","[-276.122, -142.214, 1853.69]","[-95.3611, -50.6865, 1900.57]","[218.36, 50.8138, 2073.78]","[0, 0, 0]"
97,157.906,2,70,"[222.117, 112.883, 1991.87]","[222.469, -37.8129, 2081.8]","[75.6058, -43.98, 2118.22]","[-64.786, -79.9127, 1920.26]","[-314.843, -158.315, 1835.34]","[240.918, 209.842, 2025.45]","[121.112, 19.5114, 1927.86]","[-139.769, -63.0863, 1895.05]","[212.271, -261.196, 2128.78]","[216.013, -442.151, 2095.56]","[127.607, -446.499, 2091.76]","[130.823, -822.744, 2091.56]","[130.823, -1176.48, 2091.56]","[294.23, -452.885, 2070.78]","[241.822, -752.559, 1850.1]","[242.554, -1105.65, 1848.32]","[-273.167, -145.246, 1849.49]","[-96.2888, -49.3214, 1900.52]","[225.845, 36.3129, 2066.21]","[0, 0, 0]"
98,132.925,2,70,"[229.256, 108.122, 1990.4]","[227.989, -47.5227, 2077.33]","[77.7942, -42.0336, 2118.94]","[-63.6101, -78.5011, 1920.46]","[-305.765, -167.374, 1823.94]","[251.02, 204.597, 2033.95]","[124.942, 20.4411, 1929.56]","[-136.209, -61.9364, 1895.56]","[214.464, -270.11, 2124.3]","[221.064, -450.141, 2090.95]","[132.021, -447.067, 2091.23]","[134.297, -823.682, 2090.78]","[134.297, -1177.78, 2090.78]","[298.794, -453.208, 2069.69]","[239.772, -751.263, 1847.8]","[237.17, -1104.02, 1846.68]","[-265.409, -152.553, 1840.02]","[-92.6838, -48.2082, 1901.22]","[232.486, 26.627, 2061.69]","[0, 0, 0]"
99,112.94,2,70,"[235.657, 106.548, 1990.46]","[232.813, -53.0677, 2074.41]","[79.373, -32.688, 2121.48]","[-60.4976, -77.7067, 1921.88]","[-297.836, -171.098, 1816.77]","[282.523, 194.21, 2043.67]","[137.955, 25.4635, 1935.47]","[-122.136, -58.738, 1896.67]","[216.706, -275.314, 2119.02]","[226.004, -454.482, 2085.7]","[136.132, -446.909, 2090.64]","[138.246, -823.281, 2090.21]","[138.246, -1177.66, 2090.21]","[303.814, -452.973, 2068.63]","[236.232, -750.891, 1848.49]","[233.086, -1105.03, 1849.83]","[-258.282, -155.529, 1834.29]","[-78.7877, -44.705, 1903.14]","[238.19, 21.2241, 2059.51]","[0, 0, 0]"
100,96.7519,2,70,"[242.362, 107.562, 1991.36]","[236.23, -55.289, 2072.33]","[82.6269, -23.8974, 2127.77]","[-55.2772, -77.4835, 1924.44]","[-290.542, -170.729, 1813.66]","[339.72, 157.286, 2069.38]","[165.489, 26.8524, 1950.84]","[-94.0908, -52.8998, 1901.2]","[218.55, -277.931, 2112.79]","[228.712, -456.366, 2080.42]","[138.181, -447.736, 2089.86]","[138.631, -825.312, 2089.32]","[138.631, -1179.91, 2089.32]","[306.854, -455.732, 2066.1]","[231.407, -753.354, 1847.65]","[227.759, -1110.13, 1847.2]","[-251.331, -155.188, 1832.13]","[-50.8293, -39.6115, 1909.47]","[242.142, 19.2475, 2058.78]","[0, 0, 0]"
101,84.0015,2,70,"[194.051, 114.561, 2053.26]","[237.847, -58.4421, 2070.68]","[84.7092, -26.5119, 2129.63]","[-49.8537, -79.7998, 1921.6]","[-288.108, -171.182, 1815.39]","[370.021, 34.4628, 2106.03]","[180.021, -5.31782, 1965.66]","[-82.5282, -58.6132, 1903.03]","[220.23, -282.249, 2106.5]","[229.595, -459.612, 2075.32]","[138.279, -450.887, 2088.95]","[137.419, -830.525, 2088.35]","[137.419, -1185.27, 2088.35]","[307.337, -464.397, 2061.46]","[227.896, -761.621, 1843.45]","[225.85, -1123.05, 1840.14]","[-248.4, -155.952, 1833.09]","[-38.7698, -49.7487, 1913.47]","[243.734, 16.3853, 2058.7]","[0, 0, 0]"
102,73.8012,2,70,"[333.232, 71.9079, 2078.92]","[238.633, -62.9274, 2069.48]","[88.0203, -47.4279, 2121.19]","[-48.7868, -87.0635, 1911.16]","[-290.853, -184.227, 1820.86]","[387.242, -45.3477, 2090.69]","[178.286, -34.487, 1957.4]","[-88.7041, -74.9421, 1901.58]","[222.122, -288.669, 2101.43]","[229.46, -464.686, 2072.98]","[137.768, -460.211, 2088.16]","[136.851, -844.818, 2087.72]","[136.851, -1199.65, 2087.72]","[306.623, -478.836, 2055.86]","[225.048, -775.758, 1837.96]","[223.608, -1141.2, 1834.04]","[-250.511, -168.039, 1835.91]","[-44.209, -68.2007, 1910.88]","[244.127, 12.1535, 2058.85]","[0, 0, 0]"
103,65.641,2,70,"[332.545, 66.3639, 2079.64]","[238.911, -68.4086, 2068.84]","[92.8516, -60.3826, 2123.63]","[-46.0109, -102.665, 1914.89]","[-278.154, -221.554, 1826.04]","[382.919, -94.2155, 2094.31]","[173.819, -59.7531, 1952.87]","[-94.9462, -96.7347, 1900.24]","[223.395, -295.87, 2098.49]","[228.971, -470.392, 2072.5]","[136.459, -467.149, 2087.4]","[135.18, -848.662, 2086.97]","[135.18, -1203.52, 2086.97]","[308.608, -486.91, 2052.43]","[223.1, -784.129, 1836.36]","[222.346, -1143.37, 1836.18]","[-239.465, -201.741, 1840.85]","[-50.1541, -90.57, 1909.01]","[244.046, 6.82536, 2059.03]","[0, 0, 0]"
104,59.1128,2,70,"[283.441, 81.1927, 2079.16]","[238.962, -72.6457, 2068.55]","[97.3068, -83.8448, 2084.89]","[-67.3421, -129.268, 1899.12]","[-290.458, -276.441, 1842.08]","[376.158, -110.942, 2110.09]","[176.852, -76.8452, 1952.73]","[-92.0038, -115.371, 1900.43]","[224.202, -301.073, 2097.01]","[228.455, -474.216, 2073.06]","[134.625, -473.809, 2086.7]","[133.174, -854.867, 2086.33]","[133.174, -1209.71, 2086.33]","[311.55, -491.342, 2050.31]","[219.662, -784.559, 1831.5]","[217.475, -1137.17, 1828.18]","[-253.253, -251.953, 1851.59]","[-47.1954, -108.949, 1909.15]","[243.829, 2.66392, 2059.16]","[0, 0, 0]"
105,53.8902,2,70,"[283.134, 89.4269, 2075.75]","[238.933, -76.371, 2068.4]","[103.182, -91.9027, 2036.23]","[-88.7481, -160.96, 1893.74]","[-314.288, -312.948, 1851.84]","[366.715, -113.26, 2129.91]","[181.374, -93.5993, 1955.85]","[-86.3077, -135.886, 1900.64]","[224.647, -305.095, 2096.19]","[227.98, -477.124, 2074.17]","[133.178, -483.018, 2086.67]","[132.271, -866.109, 2086.85]","[132.271, -1220.87, 2086.85]","[314.787, -494.183, 2048.9]","[215.759, -781.731, 1825.89]","[213.312, -1132.74, 1822.24]","[-276.694, -287.627, 1858.82]","[-41.6948, -128.836, 1909.84]","[243.638, -1.0333, 2059.25]","[0, 0, 0]"
106,49.7122,2,70,"[251.014, 94.9505, 2067.09]","[238.897, -80.753, 2068.31]","[110.218, -98.2253, 2005.16]","[-94.1495, -191.255, 1894.49]","[-331.936, -317.612, 1841.7]","[363.732, -109.72, 2140.36]","[185.836, -110.456, 1959.1]","[-79.3339, -161.754, 1900.54]","[224.905, -309.36, 2095.65]","[227.574, -480.544, 2075.4]","[132.731, -496.397, 2086.86]","[132.725, -882.491, 2087.14]","[132.725, -1237.11, 2087.14]","[317.421, -498.53, 2047.84]","[211.785, -783.47, 1824.63]","[209.403, -1139.32, 1824.94]","[-292.288, -296.577, 1850.5]","[-35.1397, -153.201, 1910.3]","[243.508, -5.41609, 2059.3]","[0, 0, 0]"
107,46.3697,2,70,"[225.046, 93.2926, 2056.57]","[238.837, -85.0834, 2068.31]","[121.812, -95.8372, 1973.87]","[-81.5239, -222.842, 1901.81]","[-323.272, -329.426, 1828.19]","[362.688, -107.595, 2144.11]","[189.09, -123.74, 1960.04]","[-72.6521, -183.558, 1895.34]","[224.94, -312.734, 2095.56]","[227.295, -483.162, 2076.36]","[130.125, -497.096, 2087.87]","[128.156, -871.361, 2088.76]","[128.156, -1225.78, 2088.76]","[319.035, -501.436, 2047.28]","[206.226, -778.922, 1818.64]","[202.589, -1129.1, 1814.4]","[-282.964, -311.691, 1840.46]","[-29.0295, -173.584, 1906.12]","[243.433, -9.78266, 2059.3]","[0, 0, 0]"
108,43.4958,2,70,"[224.477, 93.8631, 2046.95]","[239.343, -87.5214, 2068.3]","[127.677, -106.325, 1973.16]","[-61.167, -261.427, 1908.03]","[-295.514, -367.668, 1811.98]","[361.273, -108.814, 2143.73]","[193.505, -139.331, 1955.64]","[-58.1694, -215.739, 1874.31]","[224.842, -313.116, 2095.74]","[227.159, -483.315, 2078.94]","[128.372, -495.835, 2092.18]","[127.384, -869.61, 2095.72]","[127.384, -1223.78, 2095.72]","[319.424, -502.575, 2047.06]","[205.902, -786.301, 1827.16]","[206.979, -1147.27, 1835.74]","[-256.458, -349.959, 1827.99]","[-16.2298, -202.986, 1887.87]","[244.18, -12.3022, 2059.15]","[0, 0, 0]"
109,41.3966,2,70,"[243.431, 95.4615, 2039.81]","[241.276, -86.6002, 2068.75]","[135.937, -120.321, 1989.16]","[-30.4407, -298.273, 1919.28]","[-225.366, -433.414, 1789.53]","[357.677, -110.887, 2142.84]","[212.135, -150.295, 1939.86]","[-25.6653, -258.553, 1856.39]","[226.145, -308.928, 2097.96]","[227.063, -479.634, 2085.41]","[130.2, -491.214, 2107.75]","[132.287, -862.719, 2120.31]","[132.287, -1216.57, 2120.31]","[316.121, -501.639, 2048.25]","[204.663, -789.17, 1832.67]","[204.326, -1144.61, 1836.75]","[-192.951, -410.81, 1811.15]","[13.9667, -240.506, 1870.3]","[246.387, -11.5536, 2058.89]","[0, 0, 0]"
110,39.5173,2,70,"[263.71, 99.5861, 2035.97]","[245.245, -80.7686, 2070.43]","[142.105, -126.167, 2015.26]","[13.815, -325.766, 1926.63]","[-114.266, -511.545, 1788.96]","[353.633, -110.208, 2141.89]","[237.46, -159.085, 1921.78]","[19.0563, -306.389, 1849.74]","[231.77, -298.786, 2104.62]","[227.899, -470.758, 2093.5]","[135.157, -485.295, 2122.05]","[139.4, -856.334, 2131.59]","[139.4, -1209.8, 2131.59]","[310.527, -498.673, 2052.32]","[205.974, -791.042, 1840.46]","[207.642, -1145.25, 1845.98]","[-92.9429, -480.553, 1811.9]","[55.4708, -281.869, 1861.74]","[249.858, -6.04827, 2058.69]","[0, 0, 0]"
111,38.2138,2,70,"[278.963, 107.772, 2035.5]","[249.639, -70.4454, 2073.13]","[148.069, -121.888, 2029.65]","[71.3877, -354.859, 1979.94]","[-16.1822, -529.698, 1797.21]","[351.313, -110.032, 2133.63]","[256.226, -174.033, 1904.43]","[64.9174, -358.611, 1842.77]","[238.186, -286.932, 2110.46]","[228.682, -460.59, 2097.57]","[137.501, -475.207, 2110.13]","[138.723, -843.061, 2096.55]","[138.723, -1196.09, 2096.55]","[305.433, -493.826, 2059.35]","[212.931, -791.919, 1850.77]","[218.978, -1144.97, 1857.85]","[-1.65333, -500.607, 1827.66]","[96.8217, -327.881, 1853.05]","[253.577, 4.05005, 2060.28]","[0, 0, 0]"
112,37.3711,2,70,"[288.75, 121.346, 2053.93]","[253.243, -56.8474, 2079.56]","[155.985, -104.429, 2093.7]","[160.865, -349.384, 2144.22]","[160.865, -671.98, 2144.22]","[351.028, -94.5201, 2146.73]","[276.466, -190.285, 1918.69]","[118.061, -395.612, 1833.66]","[243.434, -273.59, 2116.43]","[230.532, -449.1, 2103.07]","[141.699, -454.47, 2129.73]","[144.592, -813.265, 2146.48]","[144.592, -1165.8, 2146.48]","[305.8, -485.313, 2071.94]","[216.575, -780.816, 1859.03]","[218.692, -1123.36, 1863.71]","[160.865, -578.34, 2144.22]","[144.42, -361.381, 1847.83]","[256.614, 17.6084, 2066.89]","[0, 0, 0]"
113,36.2969,2,70,"[286.508, 132.177, 2097.67]","[255.417, -43.2482, 2091.76]","[163.703, -73.7436, 2155.13]","[168.163, -307.825, 2196.0]","[168.163, -629.906, 2196.0]","[351.333, -82.2188, 2076.8]","[281.465, -256.881, 1927.62]","[150.336, -474.565, 1824.08]","[247.606, -261.042, 2125.84]","[234.304, -438.039, 2113.07]","[150.517, -448.749, 2150.67]","[157.129, -822.109, 2165.64]","[157.129, -1174.08, 2165.64]","[308.617, -476.791, 2082.18]","[217.622, -766.088, 1862.66]","[217.476, -1106.94, 1863.36]","[168.163, -536.419, 2196.0]","[172.154, -438.274, 1841.34]","[258.096, 31.2771, 2080.1]","[0, 0, 0]"
114,35.6375,2,70,"[276.322, 131.765, 2150.19]","[256.443, -31.9347, 2110.27]","[164.79, -52.1576, 2197.26]","[163.392, -296.273, 2218.39]","[163.392, -618.626, 2218.39]","[302.771, -15.8589, 1964.39]","[302.771, -272.585, 1964.39]","[302.771, -593.68, 1964.39]","[250.338, -250.471, 2143.83]","[239.8, -428.257, 2129.14]","[156.441, -448.676, 2169.49]","[159.705, -825.086, 2181.0]","[159.705, -1176.45, 2181.0]","[315.215, -469.198, 2093.39]","[215.022, -741.049, 1858.24]","[212.152, -1074.09, 1852.75]","[163.392, -525.306, 2218.39]","[302.771, -501.617, 1964.39]","[258.528, 42.5305, 2098.83]","[0, 0, 0]"
115,34.91,2,70,"[256.742, 128.457, 2197.32]","[256.792, -20.9642, 2134.1]","[159.141, -33.3417, 2228.6]","[152.961, -278.506, 2241.76]","[152.961, -600.084, 2241.76]","[366.203, -46.4152, 2065.73]","[366.203, -301.32, 2065.73]","[366.203, -621.891, 2065.73]","[252.07, -238.788, 2166.84]","[246.001, -417.066, 2151.5]","[164.109, -460.714, 2188.35]","[168.892, -845.399, 2199.4]","[168.892, -1196.1, 2199.4]","[315.941, -479.656, 2114.37]","[220.709, -752.771, 1879.05]","[225.662, -1118.75, 1896.58]","[152.961, -506.943, 2241.76]","[366.203, -529.756, 2065.73]","[258.406, 53.4223, 2122.92]","[0, 0, 0]"
116,34.528,2,70,"[232.829, 130.102, 2235.09]","[255.133, -8.32675, 2162.49]","[149.619, -26.1529, 2246.37]","[141.723, -279.469, 2250.17]","[141.723, -600.265, 2250.17]","[381.804, -7.89872, 2096.96]","[381.804, -261.22, 2096.96]","[381.804, -581.21, 2096.96]","[253.031, -226.763, 2193.23]","[251.359, -405.678, 2178.81]","[171.757, -475.547, 2213.01]","[176.278, -859.344, 2228.75]","[176.278, -1209.34, 2228.75]","[322.291, -486.176, 2137.71]","[223.255, -760.833, 1906.66]","[224.581, -1118.53, 1927.0]","[141.723, -507.314, 2250.17]","[381.804, -489.064, 2096.96]","[255.852, 66.0276, 2152.02]","[0, 0, 0]"
117,34.2224,2,70,"[209.065, 138.129, 2265.48]","[250.358, 5.02985, 2193.21]","[136.289, -16.4628, 2265.82]","[126.428, -264.251, 2274.13]","[126.428, -584.255, 2274.13]","[371.431, 38.2095, 2101.25]","[371.431, -213.716, 2101.25]","[371.431, -533.075, 2101.25]","[252.83, -215.65, 2222.7]","[254.029, -395.742, 2209.04]","[171.214, -479.688, 2237.33]","[168.527, -851.732, 2251.79]","[168.527, -1200.98, 2251.79]","[328.155, -487.804, 2164.34]","[226.204, -758.817, 1931.29]","[227.931, -1105.46, 1946.62]","[126.428, -491.505, 2274.13]","[371.431, -440.969, 2101.25]","[249.541, 79.2947, 2183.29]","[0, 0, 0]"
118,33.9779,2,70,"[187.521, 172.086, 2279.41]","[240.575, 28.0496, 2226.04]","[130.682, 55.7666, 2327.06]","[128.522, -134.479, 2372.25]","[128.522, -453.683, 2372.25]","[368.006, 103.672, 2137.94]","[368.006, -147.007, 2137.94]","[368.006, -465.696, 2137.94]","[251.101, -192.466, 2259.97]","[254.68, -372.638, 2244.03]","[169.206, -465.293, 2263.35]","[166.438, -824.32, 2278.82]","[166.438, -1172.79, 2278.82]","[331.07, -470.741, 2195.17]","[234.067, -743.948, 1961.18]","[240.015, -1079.32, 1980.2]","[128.522, -361.141, 2372.25]","[368.006, -373.669, 2137.94]","[237.058, 101.841, 2214.69]","[0, 0, 0]"
119,33.7823,2,70,"[169.593, 218.417, 2285.53]","[226.115, 61.0746, 2257.9]","[109.917, 99.7621, 2365.78]","[94.2484, -124.919, 2386.27]","[94.2484, -443.483, 2386.27]","[349.536, 14.2052, 2129.83]","[349.392, -205.819, 2051.75]","[323.085, -433.098, 1931.8]","[246.925, -157.526, 2298.55]","[252.948, -337.183, 2279.25]","[174.279, -453.312, 2283.94]","[178.444, -823.057, 2294.33]","[178.444, -1170.91, 2294.33]","[327.864, -447.103, 2225.02]","[241.823, -727.898, 1990.57]","[246.896, -1064.06, 2008.0]","[94.2484, -351.108, 2386.27]","[327.43, -395.231, 1951.79]","[219.155, 134.065, 2244.32]","[0, 0, 0]"
120,33.8259,2,70,"[152.226, 262.43, 2290.56]","[208.803, 96.2933, 2285.34]","[91.38, 124.023, 2392.53]","[79.852, -119.153, 2403.41]","[79.852, -437.296, 2403.41]","[332.521, 75.2555, 2175.6]","[390.471, -158.647, 2137.36]","[423.306, -401.99, 2037.66]","[239.183, -120.059, 2330.51]","[248.09, -299.21, 2309.53]","[179.947, -445.708, 2302.29]","[173.787, -733.451, 2069.76]","[135.0, -1157.35, 2219.13]","[321.536, -430.334, 2250.36]","[250.865, -718.536, 2013.63]","[256.663, -1061.6, 2025.16]","[79.852, -345.029, 2403.41]","[417.891, -361.417, 2054.28]","[198.647, 168.508, 2270.26]","[0, 0, 0]"
121,33.4607,2,70,"[134.966, 295.359, 2296.39]","[191.236, 124.919, 2307.03]","[74.3934, 132.453, 2407.74]","[75.0404, -248.301, 2248.11]","[60.1059, -436.82, 2467.55]","[314.163, 110.12, 2218.22]","[410.73, -124.093, 2193.16]","[475.225, -373.642, 2105.93]","[228.248, -90.3033, 2352.02]","[240.159, -269.171, 2330.92]","[180.036, -445.494, 2313.83]","[146.329, -784.186, 2167.18]","[128.726, -1165.54, 2223.58]","[316.393, -423.388, 2267.68]","[268.376, -717.505, 2027.47]","[281.007, -1067.52, 2031.83]","[60.1059, -344.524, 2467.55]","[464.508, -332.036, 2120.46]","[178.867, 196.79, 2292.01]","[0, 0, 0]"
122,33.3686,2,70,"[119.485, 314.66, 2303.35]","[176.04, 142.602, 2323.1]","[57.6544, 130.66, 2412.98]","[56.8508, -172.929, 2407.57]","[-25.4766, -475.97, 2169.77]","[298.95, 128.205, 2250.46]","[416.898, -102.992, 2228.01]","[497.04, -354.518, 2150.13]","[216.95, -72.9077, 2363.64]","[231.31, -251.764, 2342.68]","[175.372, -451.998, 2319.65]","[131.784, -817.399, 2215.49]","[127.621, -1181.3, 2228.94]","[313.399, -424.462, 2276.12]","[288.019, -726.288, 2037.47]","[300.987, -1083.96, 2040.25]","[-11.0076, -437.837, 2185.7]","[483.686, -312.59, 2163.11]","[162.367, 214.613, 2309.55]","[0, 0, 0]"
123,33.2948,2,70,"[106.221, 322.162, 2312.18]","[164.752, 149.817, 2334.87]","[45.1607, 123.89, 2416.17]","[39.1093, -136.317, 2486.84]","[-38.3333, -426.564, 2373.28]","[289.574, 135.167, 2274.82]","[417.528, -93.3055, 2250.86]","[503.911, -345.435, 2178.33]","[207.92, -66.9831, 2369.37]","[224.227, -246.242, 2348.15]","[169.059, -461.966, 2321.51]","[125.939, -840.292, 2234.91]","[127.508, -1198.42, 2230.57]","[313.187, -431.947, 2280.63]","[307.948, -743.348, 2048.33]","[320.147, -1107.71, 2053.27]","[-24.5395, -384.79, 2381.41]","[489.503, -303.414, 2190.42]","[150.318, 222.3, 2323.33]","[0, 0, 0]"
124,33.2359,2,70,"[96.782, 321.706, 2324.84]","[157.929, 148.736, 2343.98]","[38.6142, 114.099, 2421.88]","[26.6689, -128.423, 2520.8]","[-43.6576, -406.511, 2465.83]","[285.887, 135.382, 2291.65]","[417.61, -91.6529, 2266.37]","[505.389, -344.527, 2194.93]","[202.629, -70.2033, 2372.15]","[220.334, -250.513, 2350.31]","[162.442, -473.845, 2322.22]","[123.93, -859.047, 2240.86]","[126.379, -1219.21, 2232.69]","[314.429, -447.36, 2284.76]","[326.876, -765.859, 2055.74]","[337.636, -1135.8, 2058.31]","[-31.3145, -362.91, 2471.1]","[490.747, -302.385, 2206.84]","[142.975, 221.965, 2334.56]","[0, 0, 0]"
125,33.1887,2,70,"[92.8401, 317.056, 2339.46]","[155.005, 142.015, 2351.61]","[34.4323, 104.079, 2429.39]","[18.6378, -135.14, 2535.75]","[-55.7974, -404.425, 2496.79]","[287.363, 132.856, 2302.33]","[419.654, -95.8097, 2279.14]","[505.541, -350.426, 2204.47]","[200.606, -79.9384, 2373.9]","[219.204, -262.026, 2350.71]","[156.944, -482.676, 2323.06]","[122.543, -868.425, 2237.04]","[123.725, -1227.3, 2226.33]","[318.575, -457.696, 2287.99]","[337.851, -779.598, 2060.92]","[341.699, -1144.93, 2062.38]","[-43.0421, -360.289, 2502.58]","[491.217, -307.994, 2216.91]","[139.745, 216.276, 2344.15]","[0, 0, 0]"
126,33.151,2,70,"[94.4606, 311.146, 2352.45]","[154.475, 132.02, 2358.37]","[32.3512, 94.8166, 2439.59]","[12.4206, -146.796, 2541.94]","[-70.0947, -411.659, 2499.17]","[292.311, 129.759, 2310.81]","[422.367, -101.148, 2289.15]","[505.528, -358.759, 2209.41]","[200.541, -93.804, 2375.34]","[219.746, -278.401, 2350.25]","[152.46, -488.971, 2324.51]","[121.998, -874.474, 2233.76]","[122.91, -1239.18, 2227.83]","[323.744, -465.043, 2292.55]","[346.211, -789.57, 2067.06]","[348.969, -1158.32, 2070.05]","[-56.1724, -367.43, 2506.77]","[491.663, -315.826, 2222.7]","[139.056, 207.594, 2352.7]","[0, 0, 0]"
127,32.9208,2,70,"[100.598, 304.802, 2364.53]","[156.633, 120.403, 2364.96]","[31.6964, 86.8003, 2450.38]","[8.01352, -158.112, 2544.63]","[-79.4962, -423.429, 2491.87]","[299.522, 124.752, 2318.63]","[425.28, -108.272, 2298.26]","[506.359, -369.463, 2211.47]","[202.124, -110.238, 2376.87]","[221.471, -298.017, 2349.28]","[149.04, -493.105, 2327.62]","[122.262, -879.202, 2231.82]","[123.25, -1251.99, 2229.09]","[328.582, -469.942, 2298.04]","[346.124, -799.018, 2075.0]","[342.612, -1175.59, 2079.76]","[-64.8452, -378.891, 2501.36]","[492.844, -325.931, 2225.93]","[141.404, 197.602, 2360.98]","[0, 0, 0]"
128,32.9366,2,70,"[110.715, 298.739, 2374.78]","[161.333, 108.237, 2371.32]","[32.0541, 77.1803, 2456.45]","[5.31494, -172.41, 2548.32]","[-86.5004, -439.294, 2479.84]","[307.795, 116.432, 2324.88]","[430.103, -121.785, 2304.93]","[509.474, -386.688, 2208.59]","[204.703, -128.139, 2378.35]","[223.914, -320.93, 2347.78]","[145.84, -496.347, 2332.48]","[122.577, -886.066, 2229.39]","[123.183, -1270.24, 2227.08]","[333.191, -473.988, 2304.11]","[351.24, -813.047, 2086.33]","[353.92, -1202.54, 2093.81]","[-71.181, -394.511, 2491.84]","[496.244, -342.535, 2224.65]","[146.812, 187.365, 2368.96]","[0, 0, 0]"
129,32.9493,2,70,"[121.99, 293.208, 2381.96]","[168.585, 96.5975, 2377.18]","[33.4369, 68.8059, 2460.48]","[3.57379, -186.823, 2551.68]","[-92.4019, -454.162, 2462.33]","[317.46, 108.61, 2327.91]","[434.96, -137.652, 2307.41]","[512.965, -407.382, 2202.6]","[210.61, -148.048, 2379.67]","[228.603, -345.785, 2345.76]","[144.709, -498.99, 2336.39]","[123.928, -895.643, 2228.94]","[125.201, -1291.7, 2228.79]","[337.788, -479.57, 2309.69]","[372.444, -830.429, 2098.56]","[389.022, -1231.71, 2106.22]","[-76.4075, -409.389, 2477.61]","[499.963, -362.424, 2220.07]","[154.629, 177.798, 2376.34]","[0, 0, 0]"
130,32.9594,2,70,"[134.917, 287.259, 2387.69]","[177.714, 86.3706, 2382.1]","[36.8812, 61.6094, 2464.3]","[2.87791, -201.472, 2550.87]","[-98.1044, -468.798, 2443.74]","[328.142, 100.205, 2329.63]","[442.232, -153.837, 2307.8]","[514.32, -430.372, 2197.55]","[219.163, -166.629, 2380.63]","[235.322, -368.558, 2343.81]","[146.861, -503.946, 2338.94]","[125.611, -908.904, 2231.01]","[126.909, -1315.76, 2232.95]","[342.301, -490.098, 2313.93]","[388.324, -854.047, 2110.89]","[397.954, -1267.88, 2118.22]","[-81.2807, -424.114, 2461.82]","[502.305, -384.282, 2215.92]","[164.09, 169.494, 2382.58]","[0, 0, 0]"
131,32.9675,2,70,"[147.002, 282.38, 2393.01]","[187.345, 78.2868, 2385.91]","[41.6863, 54.755, 2466.33]","[3.20316, -215.086, 2547.93]","[-103.222, -483.85, 2424.41]","[339.453, 93.9341, 2330.84]","[450.778, -167.0, 2307.19]","[513.659, -453.272, 2192.44]","[228.956, -181.965, 2381.25]","[243.206, -387.286, 2342.11]","[151.244, -509.723, 2340.81]","[127.475, -918.458, 2235.66]","[128.749, -1328.01, 2239.4]","[350.549, -496.113, 2316.1]","[396.915, -870.374, 2125.46]","[399.9, -1283.2, 2134.48]","[-85.4907, -438.987, 2445.11]","[503.18, -405.56, 2211.56]","[173.793, 163.048, 2387.42]","[0, 0, 0]"
132,32.974,2,70,"[158.908, 279.284, 2396.89]","[196.93, 72.3848, 2388.4]","[45.5846, 52.4667, 2468.48]","[3.69509, -222.907, 2546.13]","[-105.697, -494.68, 2407.38]","[351.287, 88.7419, 2333.19]","[460.983, -177.499, 2306.16]","[512.898, -472.94, 2183.31]","[238.59, -193.893, 2381.58]","[251.149, -401.579, 2340.59]","[155.273, -511.807, 2342.38]","[129.74, -926.877, 2242.96]","[131.242, -1340.95, 2248.39]","[359.91, -498.158, 2317.42]","[404.062, -879.919, 2129.69]","[406.699, -1292.65, 2129.47]","[-87.4714, -449.353, 2430.55]","[504.247, -423.698, 2203.78]","[183.458, 158.505, 2390.6]","[0, 0, 0]"
133,32.9792,2,70,"[169.689, 276.928, 2397.89]","[205.368, 67.3133, 2389.21]","[50.7834, 49.5807, 2469.52]","[5.44866, -230.159, 2543.51]","[-105.092, -506.572, 2395.21]","[361.83, 83.153, 2334.62]","[470.737, -187.128, 2304.97]","[514.038, -488.037, 2170.56]","[246.046, -203.985, 2381.63]","[257.165, -413.054, 2339.27]","[158.413, -513.612, 2342.93]","[132.172, -934.878, 2246.95]","[133.695, -1353.08, 2248.87]","[366.262, -501.385, 2317.46]","[405.123, -892.543, 2135.95]","[403.243, -1313.39, 2138.76]","[-86.6749, -460.494, 2419.94]","[506.823, -437.884, 2192.96]","[192.286, 154.577, 2391.66]","[0, 0, 0]"
134,32.9834,2,70,"[179.361, 274.844, 2397.28]","[213.001, 62.7556, 2389.02]","[57.8417, 44.6269, 2469.9]","[9.97286, -238.718, 2540.13]","[-97.4347, -519.902, 2384.2]","[371.701, 77.8696, 2335.01]","[477.822, -196.505, 2304.19]","[514.748, -500.633, 2159.41]","[251.859, -212.626, 2381.53]","[261.631, -422.491, 2338.23]","[161.054, -516.383, 2343.03]","[134.643, -938.241, 2248.15]","[136.113, -1356.07, 2247.85]","[370.276, -506.316, 2317.3]","[402.512, -903.171, 2146.58]","[398.714, -1325.86, 2153.46]","[-79.5393, -473.039, 2410.19]","[508.593, -449.945, 2183.54]","[200.555, 150.973, 2391.42]","[0, 0, 0]"
135,32.9867,2,70,"[188.611, 272.751, 2395.95]","[220.896, 58.8356, 2388.37]","[66.7971, 39.6069, 2470.97]","[19.4833, -247.218, 2536.9]","[-86.6431, -530.917, 2373.56]","[381.955, 73.4463, 2335.31]","[484.172, -204.702, 2303.39]","[514.768, -510.9, 2149.53]","[257.549, -219.901, 2381.38]","[265.742, -430.322, 2337.53]","[163.912, -520.111, 2342.99]","[137.639, -944.412, 2246.99]","[139.508, -1368.12, 2245.18]","[373.459, -512.745, 2317.34]","[402.706, -914.18, 2149.98]","[402.497, -1340.27, 2150.23]","[-68.9592, -483.639, 2400.78]","[509.667, -459.87, 2175.17]","[209.196, 147.834, 2390.61]","[0, 0, 0]"
136,32.9894,2,70,"[198.71, 270.8, 2394.22]","[229.711, 55.8797, 2387.4]","[76.0853, 36.0822, 2471.06]","[32.8475, -253.994, 2533.36]","[-75.2859, -536.68, 2364.77]","[392.772, 70.3388, 2334.45]","[489.989, -211.535, 2303.13]","[513.893, -517.388, 2142.23]","[264.355, -225.579, 2381.23]","[270.68, -436.593, 2337.16]","[167.935, -524.494, 2342.85]","[138.431, -951.28, 2243.16]","[138.326, -1377.71, 2239.66]","[377.308, -519.844, 2317.69]","[405.558, -924.015, 2147.67]","[407.761, -1351.38, 2143.88]","[-57.2654, -489.572, 2392.86]","[509.908, -466.416, 2169.05]","[218.682, 145.501, 2389.37]","[0, 0, 0]"
137,32.9915,2,70,"[208.584, 269.054, 2390.76]","[239.235, 53.895, 2385.34]","[83.4852, 34.8874, 2465.97]","[48.2403, -256.911, 2531.47]","[-63.7954, -537.602, 2359.5]","[404.077, 67.514, 2332.16]","[499.193, -216.828, 2303.31]","[513.305, -521.727, 2136.79]","[270.919, -229.631, 2381.01]","[275.195, -441.347, 2336.9]","[170.423, -525.283, 2342.99]","[139.032, -949.997, 2239.52]","[139.04, -1371.14, 2236.86]","[383.083, -520.84, 2318.25]","[405.653, -925.148, 2150.38]","[405.205, -1347.1, 2152.13]","[-45.1237, -490.825, 2388.16]","[510.952, -470.915, 2164.54]","[229.163, 144.056, 2386.72]","[0, 0, 0]"
138,32.7932,2,70,"[218.006, 267.615, 2386.0]","[248.964, 52.6785, 2382.09]","[91.7159, 35.6363, 2461.09]","[61.8645, -256.874, 2531.08]","[-52.1499, -537.386, 2358.53]","[416.244, 65.7466, 2330.1]","[506.67, -221.501, 2303.67]","[518.126, -525.069, 2132.79]","[276.839, -232.158, 2380.71]","[278.839, -444.576, 2336.55]","[172.354, -524.341, 2343.36]","[139.389, -945.473, 2236.0]","[139.356, -1366.39, 2233.76]","[388.349, -518.711, 2318.95]","[405.435, -921.868, 2154.02]","[404.971, -1342.85, 2156.45]","[-33.1482, -490.638, 2387.28]","[516.214, -474.477, 2161.27]","[240.101, 143.303, 2382.52]","[0, 0, 0]"
139,32.8346,2,70,"[227.246, 266.654, 2381.19]","[258.041, 51.9843, 2378.17]","[100.11, 38.2786, 2457.37]","[73.0865, -254.598, 2530.89]","[-39.4944, -536.85, 2360.43]","[427.09, 63.7172, 2327.8]","[514.97, -225.46, 2303.68]","[530.859, -527.023, 2129.85]","[281.861, -233.378, 2380.34]","[281.66, -446.153, 2335.88]","[174.334, -521.575, 2343.96]","[138.584, -941.108, 2226.68]","[137.682, -1364.31, 2219.64]","[392.067, -514.942, 2319.64]","[405.336, -919.08, 2153.39]","[405.146, -1342.96, 2151.98]","[-20.7308, -489.81, 2388.84]","[528.209, -476.765, 2158.82]","[250.451, 142.985, 2377.48]","[0, 0, 0]"
140,32.8676,2,70,"[237.953, 266.323, 2377.39]","[266.343, 51.5939, 2374.35]","[109.011, 41.0117, 2454.97]","[81.0272, -251.921, 2530.84]","[-28.7619, -535.227, 2363.34]","[436.896, 62.4335, 2325.36]","[522.994, -228.207, 2303.65]","[545.64, -526.777, 2128.43]","[286.045, -233.698, 2379.8]","[283.936, -446.48, 2335.16]","[177.131, -519.987, 2344.5]","[136.717, -937.978, 2213.46]","[135.145, -1363.59, 2204.02]","[394.244, -512.358, 2320.32]","[405.23, -917.525, 2148.93]","[405.1, -1343.93, 2144.79]","[-10.463, -488.01, 2391.26]","[541.865, -477.017, 2157.64]","[260.044, 142.891, 2372.6]","[0, 0, 0]"
141,32.8941,2,70,"[249.53, 266.405, 2373.88]","[273.736, 51.3765, 2370.91]","[116.843, 44.253, 2453.26]","[84.3546, -248.489, 2530.19]","[-17.1789, -540.245, 2369.48]","[445.628, 62.1544, 2322.51]","[528.646, -230.16, 2303.82]","[554.472, -528.604, 2125.88]","[289.956, -233.501, 2379.18]","[286.281, -446.051, 2334.65]","[180.335, -519.372, 2344.98]","[136.779, -938.307, 2206.83]","[137.11, -1367.66, 2204.04]","[395.914, -511.666, 2321.18]","[404.977, -917.722, 2143.57]","[404.757, -1346.44, 2139.49]","[-0.253712, -491.622, 2396.26]","[550.167, -478.864, 2155.54]","[268.529, 142.893, 2368.25]","[0, 0, 0]"
142,32.9153,2,70,"[259.951, 266.55, 2370.54]","[280.303, 51.2513, 2368.12]","[122.968, 47.2728, 2450.93]","[85.7621, -244.995, 2529.23]","[-9.09533, -545.735, 2375.27]","[453.193, 62.1781, 2320.1]","[533.335, -231.554, 2304.0]","[559.777, -531.77, 2123.8]","[294.061, -233.07, 2378.51]","[289.318, -445.06, 2334.19]","[184.189, -518.361, 2345.29]","[137.636, -939.267, 2204.31]","[138.496, -1369.25, 2204.56]","[397.988, -511.337, 2321.6]","[404.564, -918.725, 2139.48]","[404.248, -1348.5, 2137.02]","[6.71664, -495.614, 2400.93]","[555.37, -481.734, 2153.83]","[275.866, 142.924, 2364.76]","[0, 0, 0]"
143,32.9322,2,70,"[268.501, 266.656, 2366.85]","[286.137, 51.169, 2365.88]","[128.724, 48.142, 2448.02]","[86.8081, -243.228, 2528.64]","[-3.53283, -551.798, 2380.82]","[459.495, 62.3776, 2316.78]","[538.234, -232.278, 2304.35]","[564.518, -534.942, 2122.65]","[298.154, -232.621, 2377.79]","[292.783, -444.126, 2334.08]","[187.527, -517.418, 2345.46]","[139.64, -940.738, 2204.14]","[141.287, -1371.28, 2205.55]","[400.867, -511.756, 2321.38]","[404.001, -921.651, 2138.62]","[403.601, -1353.31, 2139.01]","[11.5249, -500.371, 2405.46]","[560.138, -484.498, 2152.93]","[282.248, 142.956, 2362.02]","[0, 0, 0]"
144,32.9458,2,70,"[276.141, 266.737, 2362.71]","[291.898, 51.1086, 2364.01]","[135.633, 47.5988, 2446.74]","[89.1042, -243.046, 2528.56]","[-2.80453, -555.44, 2383.52]","[465.465, 62.6975, 2313.18]","[543.139, -232.673, 2304.73]","[569.742, -537.804, 2122.37]","[302.79, -232.257, 2377.0]","[297.137, -443.501, 2334.14]","[191.22, -516.701, 2345.17]","[142.559, -942.438, 2205.0]","[144.723, -1373.3, 2206.54]","[404.969, -512.47, 2320.79]","[403.186, -925.475, 2140.11]","[402.613, -1357.87, 2142.07]","[12.5128, -503.374, 2407.7]","[565.309, -486.949, 2152.76]","[288.363, 142.979, 2359.8]","[0, 0, 0]"
